Merk;Naam;Vega, Vegan, Waarschijnlijk vegan;Verkrijgbaar bij;Categorie;Subcategorie;Subcategorie
Davelaar;Stroopkoeken;Vegan;A-merk;Tussendoor;Koek;Luxe koeken
Davelaar;Jodenkoeken;Vegan;A-merk;Tussendoor;Koek;Luxe koeken
Liga;Evergreen appel;Vegan;A-merk;Tussendoor;Koek;Verpakte koekjes
Liga;Evergreen bosvruchten;Vegan;A-merk;Tussendoor;Koek;Verpakte koekjes
Punselie's;Stroopkoekjes;Vegan;A-merk;Tussendoor;Koek;Luxe koeken
Liga;Evergreen krenten;Vegan;A-merk;Tussendoor;Koek;Verpakte koekjes
AH;Bakkers Speculaas;Vegan;Albert Heijn;Tussendoor;Koek;Kleine koekjes
Lotus;Speculoos koek;Vegan;A-merk;Tussendoor;Koek;Kleine koekjes
Lotus;Speculoospasta Original;Vegan;A-merk;Ontbijt/lunch;Broodbeleg;Zoet
Lotus;Speculoospasta crunchy;Vegan;A-merk;Ontbijt/lunch;Broodbeleg;Zoet
Lotus;Speculoos koek XL;Vegan;A-merk;Tussendoor;Koek;Verpakte koekjes
Lotus;Speculoos 6 granen;Vegan;A-merk;Tussendoor;Koek;Verpakte koekjes
AH;Koffiewafels;Vegan;Albert Heijn;Tussendoor;Koek;Kleine koekjes
Verkade;Nizza Kokos;Vegan;A-merk;Tussendoor;Koek;Kleine koekjes
Verkade;Nizza kaneel;Vegan;A-merk;Tussendoor;Koek;Kleine koekjes
Verkade;Nizza karamel zeezout;Vegan;A-merk;Tussendoor;Koek;Kleine koekjes
Verkade;Kletskoek peer - kaneel;Vegan;A-merk;Tussendoor;Koek;Kleine koekjes
Verkade;Kletskoek honing - appel;Vegan;A-merk;Tussendoor;Koek;Kleine koekjes
Verkade;Kletskoek gember - citroen;Vegan;A-merk;Tussendoor;Koek;Kleine koekjes
Verkade;Café noir;Vegan;A-merk;Tussendoor;Koek;Kleine koekjes
Sultana;Twist bosvruchten & Rode biet;Vegan;A-merk;Tussendoor;Koek;Verpakte koekjes
Sultana;Twist Mango & Wortel;Vegan;A-merk;Tussendoor;Koek;Verpakte koekjes
Oreo;Oreo Original;Vegan;A-merk;Tussendoor;Koek;Kleine koekjes
Oreo;Oreo Double stuff koekjes;Vegan;A-merk;Tussendoor;Koek;Kleine koekjes
LU;Time Out Robuuste koeken;Vegan;A-merk;Tussendoor;Koek;Luxe koeken
Oatly!;Haverspread komkommer&knoflook;Vegan;A-merk;Ontbijt/lunch;Broodbeleg;Hartig
Oatly!;Haverspread tomaat&basilicum;Vegan;A-merk;Ontbijt/lunch;Broodbeleg;Hartig
AH;Paprikaspread;Vega;Albert Heijn;Ontbijt/lunch;Broodbeleg;Hartig
Maza;Muhammara;Vegan;A-merk;Ontbijt/lunch;Broodbeleg;Hartig
Maza;Baba anoesch;Vega;A-merk;Ontbijt/lunch;Broodbeleg;Hartig
Heinz;Sandwichspread komkommer;Vega;A-merk;Ontbijt/lunch;Broodbeleg;Hartig
Heinz;Sandwichspread naturel;Vega;A-merk;Ontbijt/lunch;Broodbeleg;Hartig
Heinz;Sandwichspread Tomaat Lente-ui;Vega;A-merk;Ontbijt/lunch;Broodbeleg;Hartig
Heinz;Sandwichspread Komkommer;Vega;A-merk;Ontbijt/lunch;Broodbeleg;Hartig
Zonnatura;Paprikaspread;Vegan;A-merk;Ontbijt/lunch;Broodbeleg;Hartig
AH;Roomkaas rode biet geitenkaas;Vega;Albert Heijn;Ontbijt/lunch;Broodbeleg;Hartig
Bettine;Geitenkaas spread naturel;Vega;A-merk;Ontbijt/lunch;Broodbeleg;Hartig
AH;Zoete aardappelspread chili en madras;Vega;Albert Heijn;Ontbijt/lunch;Broodbeleg;Hartig
Violife;Creamy original roomkaas;Vegan;A-merk;Ontbijt/lunch;Broodbeleg;Hartig
AH;Roomkaas met sweetpepper;Vega;Albert Heijn;Ontbijt/lunch;Broodbeleg;Hartig
AH;Frisse broodspread;Vega;Albert Heijn;Ontbijt/lunch;Broodbeleg;Hartig
Maza;Esfenaj spinazie amandel dip;Vegan;A-merk;Ontbijt/lunch;Broodbeleg;Hartig
Maza;Yazarra;Vega;A-merk;Ontbijt/lunch;Broodbeleg;Hartig
Zonnatura;Groentespread spicy tomaat;Vegan;A-merk;Ontbijt/lunch;Broodbeleg;Hartig
Mister Kitchen's;V-spread tomaat courgette;Vegan;A-merk;Ontbijt/lunch;Broodbeleg;Hartig
Mister Kitchen's;V-spread chili paprika;Vegan;A-merk;Ontbijt/lunch;Broodbeleg;Hartig
Zonnatura;Groentespread spinazie;Vegan;A-merk;Ontbijt/lunch;Broodbeleg;Hartig
AH;Cottage cheese;Vega;Albert Heijn;Ontbijt/lunch;Broodbeleg;Hartig
Mister Kitchen's;V-spread kerrie appel;Vegan;A-merk;Ontbijt/lunch;Broodbeleg;Hartig
AH;Americain spread;Vegan;Albert Heijn;Ontbijt/lunch;Broodbeleg;Hartig
Vegetarische slager;Boterhamworst;Vegan;A-merk;Ontbijt/lunch;Broodbeleg;Hartig
Kips;Vega snijworst;Vegan;A-merk;Ontbijt/lunch;Broodbeleg;Hartig
Kips;Vega paté;Vegan;A-merk;Ontbijt/lunch;Broodbeleg;Hartig
Quorn;Chicken free slices;Vegan;Albert Heijn;Ontbijt/lunch;Broodbeleg;Hartig
Vegetarische slager;Petit filet à l'Americain;Vegan;A-merk;Ontbijt/lunch;Broodbeleg;Hartig
Kips;Kleintje vega smeerworst;Vegan;A-merk;Ontbijt/lunch;Broodbeleg;Hartig
Vegetarische slager;Petit pâté;Vegan;A-merk;Ontbijt/lunch;Broodbeleg;Hartig
Quorn;Smoky ham free slices;Vegan;Albert Heijn;Ontbijt/lunch;Broodbeleg;Hartig
Kips;Vega smeerworst tuinkruiden;Vegan;A-merk;Ontbijt/lunch;Broodbeleg;Hartig
Kips;Vega filet americain;Vegan;A-merk;Ontbijt/lunch;Broodbeleg;Hartig
Kips;Vega pâté mediterraans;Vegan;A-merk;Ontbijt/lunch;Broodbeleg;Hartig
Kips;Vega smeerworst mager;Vegan;A-merk;Ontbijt/lunch;Broodbeleg;Hartig
Zonnatura;Vegetarische Paté naturel;Vegan;A-merk;Ontbijt/lunch;Broodbeleg;Hartig
Zonnatura;Vegetarische Paté Provencaalse kruiden;Vegan;A-merk;Ontbijt/lunch;Broodbeleg;Hartig
Garden Gourmet;Vegetarische smeerworst;Vega;Albert Heijn;Ontbijt/lunch;Broodbeleg;Hartig
Garden Gourmet;Vegetarische smeerworst tuinkruiden;Vega;Albert Heijn;Ontbijt/lunch;Broodbeleg;Hartig
Vegetarische slager;Spaanse worst;Vega;A-merk;Ontbijt/lunch;Broodbeleg;Hartig
Quorn;Vegetarian Pepperoni;Vega;Albert Heijn;Ontbijt/lunch;Broodbeleg;Hartig
Garden Gourmet;Vegetarische filet americain;Vega;Albert Heijn;Ontbijt/lunch;Broodbeleg;Hartig
Garden Gourmet;Vegetarisch gehakt bieslook;Vega;Albert Heijn;Ontbijt/lunch;Broodbeleg;Hartig
Vegetarische slager;Boterhamworst Provencaal;Vegan;A-merk;Ontbijt/lunch;Broodbeleg;Hartig
Garden Gourmet;Vegetarische filet;Vega;Albert Heijn;Ontbijt/lunch;Broodbeleg;Hartig
AH;Vega plakjes Mediterrano;Vega;Albert Heijn;Ontbijt/lunch;Broodbeleg;Hartig
AH;Vega plakjes Picanto;Vega;Albert Heijn;Ontbijt/lunch;Broodbeleg;Hartig
AH;Vega plakjes tuinkruiden;Vega;Albert Heijn;Ontbijt/lunch;Broodbeleg;Hartig
AH;Hummus pikant;Vegan;Albert Heijn;Ontbijt/lunch;Broodbeleg;Hartig
AH;Pikante hummus (vers);Vegan;Albert Heijn;Ontbijt/lunch;Broodbeleg;Hartig
AH;Hummus zongedroogde tomaat (vers);Vegan;Albert Heijn;Ontbijt/lunch;Broodbeleg;Hartig
Maza;Hoemoes tomaat - basilicum;Vegan;A-merk;Ontbijt/lunch;Broodbeleg;Hartig
AH;Zoete pompoenhummus (ves);Vegan;Albert Heijn;Ontbijt/lunch;Broodbeleg;Hartig
Maza;Hoemoes rode biet;Vegan;A-merk;Ontbijt/lunch;Broodbeleg;Hartig
AH;Hummus gegrilde groenten (vers);Vegan;Albert Heijn;Ontbijt/lunch;Broodbeleg;Hartig
AH;Hummus zongedroogde tomaat;Vegan;Albert Heijn;Ontbijt/lunch;Broodbeleg;Hartig
Maza;Hoemoes kerrie;Vegan;A-merk;Ontbijt/lunch;Broodbeleg;Hartig
AH;Hummus avocado (vers);Vegan;Albert Heijn;Ontbijt/lunch;Broodbeleg;Hartig
AH;Hummus harissa (vers);Vegan;Albert Heijn;Ontbijt/lunch;Broodbeleg;Hartig
AH;Hummus pittig (houdbaar);Vegan;Albert Heijn;Ontbijt/lunch;Broodbeleg;Hartig
AH;Hummus pompoen (houdbaar);Vegan;Albert Heijn;Ontbijt/lunch;Broodbeleg;Hartig
Maza;Hoemoes tomaat - basilicum less salt;Vegan;A-merk;Ontbijt/lunch;Broodbeleg;Hartig
Maza;Hoemoes chipotle;Vegan;A-merk;Ontbijt/lunch;Broodbeleg;Hartig
Maza;Hoemoes met tuinkruiden;Vegan;A-merk;Ontbijt/lunch;Broodbeleg;Hartig
Maza;Hoemoes paprika oregano;Vegan;A-merk;Ontbijt/lunch;Broodbeleg;Hartig
Johma;Selderij-appel salade;Vegan;A-merk;Ontbijt/lunch;Broodbeleg;Hartig
AH;Hummus kerrie;Vegan;Albert Heijn;Ontbijt/lunch;Broodbeleg;Hartig
AH;Scharrelei bieslooksalade (vers);Vega;Albert Heijn;Ontbijt/lunch;Broodbeleg;Hartig
AH;Vrije uitloop-eisalade;Vega;Albert Heijn;Ontbijt/lunch;Broodbeleg;Hartig
AH;Selleriesalade;Vega;Albert Heijn;Ontbijt/lunch;Broodbeleg;Hartig
AH;Komkommersalade;Vega;Albert Heijn;Ontbijt/lunch;Broodbeleg;Hartig
Johma;Brusschetta;Vegan;A-merk;Ontbijt/lunch;Broodbeleg;Hartig
Maza;Hoemoes ras-el-hanout;Vega;A-merk;Ontbijt/lunch;Broodbeleg;Hartig
Maza;Hoemoes koriander en limoen;Vegan;A-merk;Ontbijt/lunch;Broodbeleg;Hartig
Snack-a-Jacks;Snack-a-Jacks BBQ Paprika;Vegan;A-merk;Tussendoor;Hartig;
Snack-a-Jacks;Snack-a-Jacks caramel;Vegan;A-merk;Tussendoor;Zoet;
Snelle jelle;Rozijnenkoek;Vegan;A-merk;Tussendoor;Zoet;
Snelle jelle;Kruidkoek naturel;Vegan;A-merk;Tussendoor;Zoet;
Zonnatura;Pinda crunch repen;Vegan;A-merk;Tussendoor;Zoet;
Peijnenburg;Ontbijtkoek tussendoor noten;Vegan;A-merk;Tussendoor;Zoet;
Snelle jelle;Goed gevuld - Noten, zaden en fruitkoek;Vegan;A-merk;Tussendoor;Zoet;
Eat natural;Simply vegan peanuts, coconut and chocolate;Vegan;A-merk;Tussendoor;Zoet;
Peijnenburg;Tussendoor Fruitkoek;Vegan;A-merk;Tussendoor;Zoet;
AH;Notenreep kokos;Vegan;Albert Heijn;Tussendoor;Zoet;
AH;Notenreep choco;Vegan;Albert Heijn;Tussendoor;Zoet;
Sultana;Fruitbiscuit bosvruchten;Vega;A-merk;Tussendoor;Zoet;
Sultana;Fruitbiscuit appel;Vega;A-merk;Tussendoor;Zoet;
Sultana;Knapperrs kaneel;Vega;A-merk;Tussendoor;Zoet;
Sultana;Fruitbiscuit peer-kaneel;Vega;A-merk;Tussendoor;Zoet;
Sultana;YoFruit aardbei;Vega;A-merk;Tussendoor;Zoet;
Sultana;Knapperrs kokos;Vega;A-merk;Tussendoor;Zoet;
Sultana;YoFruit framboos;Vega;A-merk;Tussendoor;Zoet;
Sultana;Goodmorning cranberry;Vega;A-merk;Tussendoor;Zoet;
Sultana;Boordebol granen bosbes;Vega;A-merk;Tussendoor;Zoet;
AH;Meergranenbiscuit appel;Vega;Albert Heijn;Tussendoor;Zoet;
Liga;Milkbreak melk;Vega;A-merk;Tussendoor;Zoet;
Liga;Milkbreak bosvruchten-framboos;Vega;A-merk;Tussendoor;Zoet;
Nutella;B-ready;Vega;A-merk;Tussendoor;Zoet;
AH;Fruitbiscuits naturel;Vega;Albert Heijn;Tussendoor;Zoet;
Liga;Evergreen crunchy appel-peer;Vega;A-merk;Tussendoor;Zoet;
AH;Melkbiscuit chocosmaak;Vega;A-merk;Tussendoor;Zoet;
AH;Apfelstrudel;Vegan;Albert Heijn;Tussendoor;Gebak;Diepvries
Rocky rice;Choco-orange rijstreep;Vegan;Action;Tussendoor;Zoet;
Rocky rice;Chocolade rijstreep;Vegan;Action;Tussendoor;Zoet;
Hema;Appelkruimeltaart;Vegan;Hema;Tussendoor;Gebak;Vers
Bolletje;Goed bezig krokante graanrepen Waldkorn;Vegan;A-merk;Tussendoor;Zoet;
Bolletje;Goed bezig krokante graanrepen Cranberry;Vegan;A-merk;Tussendoor;Zoet;
Bolletje;Goed bezig Havermoutrepen rood fruit;Vega;A-merk;Tussendoor;Zoet;
Bolletje;Goed bezig Stevige havermoutreep naturel;Vega;A-merk;Tussendoor;Zoet;
Pringles;Pringles Paprika;Vegan;A-merk;Tussendoor;Hartig;Chips
Pringles;Pringles Original;Vegan;A-merk;Tussendoor;Hartig;Chips
Pringles;Pringles Texas BBQ;Vegan;A-merk;Tussendoor;Hartig;Chips
Lay's;Lay's naturel light;Vegan;A-merk;Tussendoor;Hartig;Chips
Lay's;Lay's Naturel;Vegan;A-merk;Tussendoor;Hartig;Chips
Lay's;Lay's Oven baked naturel;Vegan;A-merk;Tussendoor;Hartig;Chips
Lay's;Lay's strong chili&lime;Vegan;A-merk;Tussendoor;Hartig;Chips
Lay's;Lay's Poppables roasted paprika;Vegan;A-merk;Tussendoor;Hartig;Chips
Lay's;Lay's Sensations Japanese wasabi & ginger;Vegan;A-merk;Tussendoor;Hartig;Chips
Lay's;Lay's Oven baked barbecue;Vegan;A-merk;Tussendoor;Hartig;Chips
Lay's;Lay's Poppables Sweet chili;Vegan;A-merk;Tussendoor;Hartig;Chips
Lay's;Lay's Superchips naturel;Vegan;A-merk;Tussendoor;Hartig;Chips
Croky;Paprika;Vegan;A-merk;Tussendoor;Hartig;Chips
Chio;Heart breakers;Vegan;A-merk;Tussendoor;Hartig;Chips
Pombar;Original;Vegan;A-merk;Tussendoor;Hartig;Chips
Croky;Bolognese;Vegan;A-merk;Tussendoor;Hartig;Chips
Kettle;Sea salt & Rosemary;Vegan;A-merk;Tussendoor;Hartig;Chips
Lay's;Wokkels paprika;Vegan;A-merk;Tussendoor;Hartig;Chips
Remia;Satésaus;Vegan;A-merk;Avondeten;Sauzen;
Remia;Mayolijn;Vegan;A-merk;Avondeten;Sauzen;
Katja;Zure matjes;Vegan;A-merk;Tussendoor;Snoep;
Katja;Zure sticks;Vegan;A-merk;Tussendoor;Snoep;
Katja;Dropharingen;Vegan;A-merk;Tussendoor;Snoep;Drop
Katja;Sallos Xtreme;Vegan;A-merk;Tussendoor;Snoep;Drop
Katja;Sallos Rfresh;Vegan;A-merk;Tussendoor;Snoep;Drop
Duyvis;Tijgernootjes BBQ Paprika;Vegan;A-merk;Tussendoor;Nootjes;
Duyvis;Borrelnootjes Provencaals;Vegan;A-merk;Tussendoor;Nootjes;
Duyvis;Borrelnootjes oriental;Vegan;A-merk;Tussendoor;Nootjes;
Duyvis;Tijgernootjes Paprika fiesta;Vegan;A-merk;Tussendoor;Nootjes;
Ola;Festini Aardbei;Vegan;A-merk;Tussendoor;Ijs;Waterijs
Ola;Festini Peer;Vegan;A-merk;Tussendoor;Ijs;Waterijs
Venco;Gesuikerde fietsen;Vegan;A-merk;Tussendoor;Snoep;Drop
Venco;Droprondo's zoete dropsmaak;Vegan;A-merk;Tussendoor;Snoep;Drop
Venco;Suikervrije zoute drop;Vegan;A-merk;Tussendoor;Snoep;Drop
Venco;Suikervrije zoete drop;Vegan;A-merk;Tussendoor;Snoep;Drop
Vegetarische slager;Bapao No Beef ketjap;Vegan;A-merk;Tussendoor;Snacks;Vers
Red Band;Dropfruit duo ijsjes;Vegan;A-merk;Tussendoor;Ijs;Waterijs
Chovi;Allioli Vegan;Vegan;A-merk;Ontbijt/lunch;Broodbeleg;Hartig
Bolletje;Schuddebuikjes Speculaas;Vegan;A-merk;Ontbijt/lunch;Broodbeleg;Zoet
Verkade;San Francisco volkoren;Vegan;A-merk;Tussendoor;Zoet;
Verkade;Glutenvrije Oaties;Vegan;A-merk;Tussendoor;Zoet;
Onest;Quinoa chips Sweet chili;Vegan;A-merk;Tussendoor;Hartig;Chips
Onest;Lentil chips rosemary;Vegan;A-merk;Tussendoor;Hartig;Chips
Onest;Chickpea chips Curry;Vegan;A-merk;Tussendoor;Hartig;Chips
Delicata;Puur gember limoen;Vegan;Albert Heijn;Tussendoor;Zoet;Chocola
Delicata;Puur szechuan peper rijstcrisps;Vegan;Albert Heijn;Tussendoor;Zoet;Chocola
Delicata;Puur lavendel karamel;Vegan;Albert Heijn;Tussendoor;Zoet;Chocola
Delicata;Puur aardbei balsamico;Vegan;Albert Heijn;Tussendoor;Zoet;Chocola
Delicata;Puur bosbes viooltjes;Vegan;Albert Heijn;Tussendoor;Zoet;Chocola
Violife;Greek white block;Vegan;A-merk;Zuivel;Kaas;
Alpro;Almond salted caramel;Vegan;A-merk;Tussendoor;Ijs;Chocola
Alpro;Hazelnut chocolate;Vegan;A-merk;Tussendoor;Ijs;Chocola
Alpro;Madagascan vanilla;Vegan;A-merk;Tussendoor;Ijs;Roomijs
Alpro;Karamel macchiato Swirl;Vegan;A-merk;Tussendoor;Ijs;Roomijs
Alpro;Mango Swirl;Vegan;A-merk;Tussendoor;Ijs;Roomijs
Liga;Haverkick bosvruchten;Vegan;A-merk;Tussendoor;Zoet;
Liga;Haverkick appel;Vegan;A-merk;Tussendoor;Zoet;
Ben&Jerry's;Peanutbutter&Cookies Non-dairy;Vegan;A-merk;Tussendoor;Ijs;Roomijs
Ben&Jerry's;Cookies on cookie dough non-dairy;Vegan;A-merk;Tussendoor;Ijs;Roomijs
Ben&Jerry's;Coconutterly caramel'd non-dairy;Vegan;A-merk;Tussendoor;Ijs;Roomijs
Ben&Jerry's;Chocolate fudge brownie non-dairy;Vegan;A-merk;Tussendoor;Ijs;Roomijs
Wieger Kettellapper;Ware Wieger kruidkoek;Vegan;A-merk;Tussendoor;Zoet;
Bolletje;Vezelrijk beschuit meerzaden;Vegan;A-merk;Ontbijt/lunch;Crackers etc;
Bolletje;Vezelrijk beschuit meergranen;Vegan;A-merk;Ontbijt/lunch;Crackers etc;
Bolletje;Boeren beschuit donker volkoren;Vegan;A-merk;Ontbijt/lunch;Crackers etc;
Bolletje;Boeren beschuit granen & zaden;Vegan;A-merk;Ontbijt/lunch;Crackers etc;
Dr. Oetker;Ristorante pizza rossa vegetale;Vegan;A-merk;Avondeten;Diepvries;Pizza
Aviko;Easy veggie roasted corn;Vegan;A-merk;Avondeten;Diepvries;
Aviko;Easy veggie falafel;Vegan;A-merk;Avondeten;Diepvries;
Aviko;Easy veggie sweet potato;Vegan;A-merk;Avondeten;Diepvries;
Jumbo;Puur chocopasta;Vegan;Jumbo;Ontbijt/lunch;Broodbeleg;Zoet
De Ruijter;Chocoladevlokken extra puur Royaal;Vegan;A-merk;Ontbijt/lunch;Broodbeleg;Zoet
AH Basic;Hazelnoot duopasta;Vegan;Albert Heijn;Ontbijt/lunch;Broodbeleg;Zoet
Plus;Hagelslag puur;Vegan;Plus;Ontbijt/lunch;Broodbeleg;Zoet
Violige;Mozzarella flavour grated;Vegan;A-merk;Zuivel;Kaas;
Next level meat;Vegan nuggets 'classic';Vegan;Lidl;Avondeten;Vleesvervangers;
Eat real;Hummus chips tomato & basil;Vegan;A-merk;Tussendoor;Hartig;Chips
Chef Select;Kaasschnitzel;Vega;Lidl;Avondeten;Vleesvervangers;
Chef Select;Groenteschijf;Vega;Lidl;Avondeten;Vleesvervangers;
Chef Select;Toscaanse carré;Vega;Lidl;Avondeten;Vleesvervangers;
Chef Select;Groenteschnitzel;Vega;Lidl;Avondeten;Vleesvervangers;
Chef Select;Champignonburger;Vega;Lidl;Avondeten;Vleesvervangers;
Chef Select;Spinazie-kaasrondo;Vega;Lidl;Avondeten;Vleesvervangers;
Chef Select;Wortel-pompoenburger;Vega;Lidl;Avondeten;Vleesvervangers;
Chef Select;Kipstukjes;Vega;Lidl;Avondeten;Vleesvervangers;
Chef Select;Wokstukjes;Vega;Lidl;Avondeten;Vleesvervangers;
Chef Select;Rulgehakt;Vegan;Lidl;Avondeten;Vleesvervangers;
Chef Select;Shoarma;Vegan;Lidl;Avondeten;Vleesvervangers;
Chef Select;Spekreepjes;Vegan;Lidl;Avondeten;Vleesvervangers;
Chef Select;Tofu;Vegan;Lidl;Avondeten;Vleesvervangers;
Chef Select;Tempeh;Vegan;Lidl;Avondeten;Vleesvervangers;
Chef Select;Kip krokant schnitzel;Vegan;Lidl;Avondeten;Vleesvervangers;
Chef Select;Juicy steak;Vegan;Lidl;Avondeten;Vleesvervangers;
Chef Select;Braadworst;Vega;Lidl;Avondeten;Vleesvervangers;
Chef Select;Balletjes;Vega;Lidl;Avondeten;Vleesvervangers;
Chef Select;Burger;Vega;Lidl;Avondeten;Vleesvervangers;
Chef Select;Schnitzel;Vega;Lidl;Avondeten;Vleesvervangers;
Chef Select;Orientschijf;Vega;Lidl;Avondeten;Vleesvervangers;
Chef Select;Kaasschelp;Vega;Lidl;Avondeten;Vleesvervangers;
VegaFit;Nuggets;Vegan;A-merk;Avondeten;Vleesvervangers;
Ola;Raket;Vegan;A-merk;Tussendoor;Ijs;Waterijs
Tony's Chocolonely;Puur amandel zeezout;Vegan;A-merk;Tussendoor;Zoet;Chocola
Tony's Chocolonely;Puur;Vegan;A-merk;Tussendoor;Zoet;Chocola
Tony's Chocolonely;Puur pecan kokos;Vegan;A-merk;Tussendoor;Zoet;Chocola
Calvé;Steak saus (glazen fles);Vegan;A-merk;Avondeten;Sauzen;
Calvé;Schaschlik (glazen fles);Vegan;A-merk;Avondeten;Sauzen;
Calvé;Barbecue saus (glazen fles);Vegan;A-merk;Avondeten;Sauzen;
Garden Gourmet;Sensational Chorizo;Vegan;A-merk;Avondeten;Vleesvervangers;
Garden Gourmet;Vegetarisch fijngehakt;Vegan;A-merk;Avondeten;Vleesvervangers;
Garden Gourmet;Sensational braadworst;Vegan;A-merk;Avondeten;Vleesvervangers;
Garden Gourmet;Sensational gehakt;Vegan;A-merk;Avondeten;Vleesvervangers;
Garden Gourmet;Falafel pikant;Vegan;A-merk;Avondeten;Vleesvervangers;
Garden Gourmet;Falafel spinazie;Vegan;A-merk;Avondeten;Vleesvervangers;
Garden Gourmet;Falafel;Vegan;A-merk;Avondeten;Vleesvervangers;
Garden Gourmet;Burger;Vegan;A-merk;Avondeten;Vleesvervangers;
Garden Gourmet;Sensational burger;Vegan;A-merk;Avondeten;Vleesvervangers;
Garden Gourmet;Burger deluxe;Vega;A-merk;Avondeten;Vleesvervangers;
Garden Gourmet;Kaasschnitzel;Vega;A-merk;Avondeten;Vleesvervangers;
Garden Gourmet;Burger Jalapeno;Vega;A-merk;Avondeten;Vleesvervangers;
Garden Gourmet;Chimichurriburger;Vega;A-merk;Avondeten;Vleesvervangers;
Knorr;Wereldgerecht Mexicaanse burrito's;Vegan;A-merk;Avondeten;Maaltijdpakketten;
Knorr;Wereldgerecht Mexicaanse burrito's XXL;Vegan;A-merk;Avondeten;Maaltijdpakketten;
Knorr;Wereldgerecht Mexicaanse taco's;Vegan;A-merk;Avondeten;Maaltijdpakketten;
Knorr;Wereldgerecht Turkse Dürüm;Vegan;A-merk;Avondeten;Maaltijdpakketten;
Knorr;Wereldgerecht Surinaase Roti;Vegan;A-merk;Avondeten;Maaltijdpakketten;
Knorr;Wereldgerecht Nacho Ovenschotel;Vegan;A-merk;Avondeten;Maaltijdpakketten;
Knorr;Wereldgerecht Mexicaanse Quesadilla's;Vegan;A-merk;Avondeten;Maaltijdpakketten;
Mora;Vegetarische kipkorn;Vegan;A-merk;Avondeten;Vleesvervangers;
Mora;Veggie saté;Vega;A-merk;Avondeten;Vleesvervangers;
Mora;Oven & Airfryer Goudse kaassoufflé;Vega;A-merk;Avondeten;Vleesvervangers;
Mora;Vega draadjesvlees kroket;Vega;A-merk;Avondeten;Vleesvervangers;
Mora;Oven & Airfryer bamischijf vega;Vegan;A-merk;Avondeten;Vleesvervangers;
Mora;Tostini Mozzarella-tomaat;Vega;A-merk;Avondeten;Vleesvervangers;
Mora;Mini Kaassoufflé;Vega;A-merk;Avondeten;Vleesvervangers;
Mora;Kaassoufflé;Vega;A-merk;Avondeten;Vleesvervangers;
Mora;Vega draadjesvlees bitterballen;Vega;A-merk;Avondeten;Vleesvervangers;
Mora;Loempia groenten;Vega;A-merk;Avondeten;Vleesvervangers;
Mora;Vegetarische frikandellen;Vega;A-merk;Avondeten;Vleesvervangers;
Mora;Oven groenten bitterballen;Vega;A-merk;Avondeten;Vleesvervangers;
Peijnenburg;Ontbijtkoek parelkandij ongesneden;Vegan;A-merk;Tussendoor;Zoet;
AH;Speculaasbrokken;Vegan;Albert Heijn;Tussendoor;Koek;Luxe koeken
Snelle jelle;Ontbijtkoek;Vegan;A-merk;Tussendoor;Zoet;
Peijnenburg;Ontbijtkoek rozijnen ongesneden;Vegan;A-merk;Tussendoor;Zoet;
Peijnenburg;Ontbijtkoek noten ongesneden;Vegan;A-merk;Tussendoor;Zoet;
Nakd;Cacao delight;Vegan;A-merk;Tussendoor;Zoet;
Nakd;Blueberry muffin;Vegan;A-merk;Tussendoor;Zoet;
Nakd;Pecan Pie;Vegan;A-merk;Tussendoor;Zoet;
Nakd;Salted caramel;Vegan;A-merk;Tussendoor;Zoet;
Nakd;Lemon cake;Vegan;A-merk;Tussendoor;Zoet;
Nakd;Berry delight;Vegan;A-merk;Tussendoor;Zoet;
Nakd;Cocoa coconut;Vegan;A-merk;Tussendoor;Zoet;
Nakd;Carrot cake;Vegan;A-merk;Tussendoor;Zoet;
Nakd;Coffee&Walnut;Vegan;A-merk;Tussendoor;Zoet;
Nakd;Strwaberry sundae;Vegan;A-merk;Tussendoor;Zoet;
Nakd;Banoffee pie;Vegan;A-merk;Tussendoor;Zoet;
Nakd;Banana oatie;Vegan;A-merk;Tussendoor;Zoet;
Trek;Proteine Flapjacks Cocoa Oat;Vegan;A-merk;Tussendoor;Zoet;
Trek;Proteine Flapjacks Banana bread;Vegan;A-merk;Tussendoor;Zoet;
Trek;Proteine Flapjacks Cocoa coconut;Vegan;A-merk;Tussendoor;Zoet;
Trek;Nut bars chocolate&sea salt;Vegan;A-merk;Tussendoor;Zoet;
Trek;Nut bars blueberry&pimpkinseed;Vegan;A-merk;Tussendoor;Zoet;
AH;Bamiblok;Vegan;Albert Heijn;Avondeten;Vleesvervangers;
Vegetarische slager;Kroketten;Vegan;A-merk;Avondeten;Vleesvervangers;
Vegetarische slager;Bitterballen;Vegan;A-merk;Avondeten;Vleesvervangers;
Vegetarische slager;Kipnuggets;Vegan;A-merk;Avondeten;Vleesvervangers;
Vegetarische slager;Bamischijf;Vegan;A-merk;Avondeten;Vleesvervangers;
AH;Steenoven mini pizza's;Vegan;Albert Heijn;Avondeten;Pizza;
AH;Ruimteijsjes;Vegan;Albert Heijn;Tussendoor;Ijs;Waterijs
AH;Dubbellikkers;Vegan;Albert Heijn;Tussendoor;Ijs;Waterijs
AH;Perenijsjes;Vegan;Albert Heijn;Tussendoor;Ijs;Waterijs
AH;Regenboogijsjes;Vegan;Albert Heijn;Tussendoor;Ijs;Waterijs
AH;4kleuren ijsjes;Vegan;Albert Heijn;Tussendoor;Ijs;Waterijs
AH;Citroen sorbetijs;Vegan;Albert Heijn;Tussendoor;Ijs;Waterijs
AH;Perzikijsjes;Vegan;Albert Heijn;Tussendoor;Ijs;Waterijs
AH;Biologische bosfruitijsjes;Vegan;Albert Heijn;Tussendoor;Ijs;Waterijs
AH;Sorbetijs mango;Vegan;Albert Heijn;Tussendoor;Ijs;Waterijs
AH;Potloodijsjes;Vegan;Albert Heijn;Tussendoor;Ijs;Waterijs
AH;Biologische perenijsjes;Vegan;Albert Heijn;Tussendoor;Ijs;Waterijs
AH;Sorbetijs bosvruchten;Vegan;Albert Heijn;Tussendoor;Ijs;Waterijs
AH;Sappiez;Vegan;Albert Heijn;Tussendoor;Ijs;Waterijs
AH;Vrieslollies;Vegan;Albert Heijn;Tussendoor;Ijs;Waterijs
Hagelswag;Chocoladechunks puur;Vegan;A-merk;Ontbijt/lunch;Broodbeleg;Zoet
Hagelswag;Chocoladechunks puur hazelnoot;Vegan;A-merk;Ontbijt/lunch;Broodbeleg;Zoet
Gelatelli;Coconut milk popsicles;Vegan;Lidl;Tussendoor;Ijs;Roomijs
Gelatelli;Coconut milk ice dessert;Vegan;Lidl;Tussendoor;Ijs;Roomijs
Gelatelli;Coconot milk ice pops dark choc - almond;Vegan;Lidl;Tussendoor;Ijs;Roomijs
So Vegan So Fine;Chocoladepasta;Vegan;A-merk;Ontbijt/lunch;Broodbeleg;Zoet
So Vegan So Fine;Hazelnootpasta;Vegan;A-merk;Ontbijt/lunch;Broodbeleg;Zoet
So Vegan So Fine;Witte kokospasta;Vegan;A-merk;Ontbijt/lunch;Broodbeleg;Zoet
So Vegan So Fine;Pure chocoladepasta;Vegan;A-merk;Ontbijt/lunch;Broodbeleg;Zoet
Haribo;Dragibus;Vegan;A-merk;Tussendoor;Zoet;Snoep
AH;Mexicaanse nacho's maaltijdpakket;Vegan;Albert Heijn;Avondeten;Maaltijdpakketten;
AH;Italiaanse spaghetti;Vegan;Albert Heijn;Avondeten;Maaltijdpakketten;
G'woon;Hondesnuitjes;Vegan;Poiesz;Tussendoor;Zoet;Snoep
Bonduelle;Linzen & Wortel pasta;Vegan;A-merk;Avondeten;Pasta;
Bonduelle;Erwten & Courgette pasta;Vegan;A-merk;Avondeten;Pasta;
Bonduelle;Kikkererwten & Mais pasta;Vegan;A-merk;Avondeten;Pasta;
AH;Toffee pindakaas;Vegan;Albert Heijn;Ontbijt/lunch;Broodbeleg;Zoet
AH;Cacao pindapasta;Vegan;Albert Heijn;Ontbijt/lunch;Broodbeleg;Zoet
Hema;Hotdogsaus;Vegan;Hema;Avondeten;Sauzen;
Jumbo;Fusion waterijsjes;Vegan;Jumbo;Tussendoor;Ijs;Waterijs
Johma;Toaat-courgette pastasalade;Vegan;A-merk;Avondeten;Salades;
Vitalu;Tarwecrackers;Vegan;A-merk;Ontbijt/lunch;Crackers etc;
Vegan Junkstar;Vegan bacon;Vegan;A-merk;Avondeten;Vleesvervangers;
Nature&Moi;Le Coeur Fleuri;Vegan;A-merk;Zuivel;Koek;
Bieze;Coleslaw Spicy pepper;Vegan;Lidl;Avondeten;Salades;
Bieze;Coleslaw Tasty classic;Vegan;Lidl;Avondeten;Salades;
Bieze;Coleslaw Louisiana red;Vegan;Lidl;Avondeten;Salades;
Bieze;Coleslaw Curry coco;Vegan;Lidl;Avondeten;Salades;
Heura;Pizza;Vegan;Jumbo;Avondeten;Pizza;
AH;Mexicaanse Burrito's;Vegan;Albert Heijn;Avondeten;Maaltijdpakketten;
Vegan Junkstar;Vegan Zeastar crispy lemon shrimps;Vegan;A-merk;Avondeten;Vleesvervangers;
Vegan Junkstar;Vegan Zeastar kalamariz;Vegan;A-merk;Avondeten;Vleesvervangers;
Vegan Junkstar;Vegan Zeastar Notuna sashimi;Vegan;A-merk;Avondeten;Vleesvervangers;
Vegan Junkstar;Vegan Zeastar Zalmon sashimi;Vegan;A-merk;Avondeten;Vleesvervangers;
AH;Empanada (vers);Vegan;Albert Heijn;Avondeten;Snacks;
Jumbo;Groente kroepoek;Vegan;Jumbo;Tussendoor;Hartig;Kroepoek
