Merk,Naam,"Vega, Vegan, Waarschijnlijk vegan",Verkrijgbaar bij,Categorie,Subcategorie,Subcategorie
Davelaar,Stroopkoeken,Vegan,A-merk,Tussendoor,Koek,Luxe koeken
Davelaar,Jodenkoeken,Vegan,A-merk,Tussendoor,Koek,Luxe koeken
Liga,Evergreen appel,Vegan,A-merk,Tussendoor,Koek,Verpakte koekjes
Liga,Evergreen bosvruchten,Vegan,A-merk,Tussendoor,Koek,Verpakte koekjes
Punselie's,Stroopkoekjes,Vegan,A-merk,Tussendoor,Koek,Luxe koeken
Liga,Evergreen krenten,Vegan,A-merk,Tussendoor,Koek,Verpakte koekjes
AH,Bakkers Speculaas,Vegan,Albert Heijn,Tussendoor,Koek,Kleine koekjes
Lotus,Speculoos koek,Vegan,A-merk,Tussendoor,Koek,Kleine koekjes
Lotus,Speculoospasta Original,Vegan,A-merk,Ontbijt/lunch,Broodbeleg,Zoet
Lotus,Speculoospasta crunchy,Vegan,A-merk,Ontbijt/lunch,Broodbeleg,Zoet
Lotus,Speculoos koek XL,Vegan,A-merk,Tussendoor,Koek,Verpakte koekjes
Lotus,Speculoos 6 granen,Vegan,A-merk,Tussendoor,Koek,Verpakte koekjes
AH,Koffiewafels,Vegan,Albert Heijn,Tussendoor,Koek,Kleine koekjes
Verkade,Nizza Kokos,Vegan,A-merk,Tussendoor,Koek,Kleine koekjes
Verkade,Nizza kaneel,Vegan,A-merk,Tussendoor,Koek,Kleine koekjes
Verkade,Nizza karamel zeezout,Vegan,A-merk,Tussendoor,Koek,Kleine koekjes
Verkade,Kletskoek peer - kaneel,Vegan,A-merk,Tussendoor,Koek,Kleine koekjes
Verkade,Kletskoek honing - appel,Vegan,A-merk,Tussendoor,Koek,Kleine koekjes
Verkade,Kletskoek gember - citroen,Vegan,A-merk,Tussendoor,Koek,Kleine koekjes
Verkade,Café noir,Vegan,A-merk,Tussendoor,Koek,Kleine koekjes
Sultana,Twist bosvruchten & Rode biet,Vegan,A-merk,Tussendoor,Koek,Verpakte koekjes
Sultana,Twist Mango & Wortel,Vegan,A-merk,Tussendoor,Koek,Verpakte koekjes
Oreo,Oreo Original,Vegan,A-merk,Tussendoor,Koek,Kleine koekjes
Oreo,Oreo Double stuff koekjes,Vegan,A-merk,Tussendoor,Koek,Kleine koekjes
LU,Time Out Robuuste koeken,Vegan,A-merk,Tussendoor,Koek,Luxe koeken
Oatly!,Haverspread komkommer&knoflook,Vegan,A-merk,Ontbijt/lunch,Broodbeleg,Hartig
Oatly!,Haverspread tomaat&basilicum,Vegan,A-merk,Ontbijt/lunch,Broodbeleg,Hartig
AH,Paprikaspread,Vega,Albert Heijn,Ontbijt/lunch,Broodbeleg,Hartig
Maza,Muhammara,Vegan,A-merk,Ontbijt/lunch,Broodbeleg,Hartig
Maza,Baba anoesch,Vega,A-merk,Ontbijt/lunch,Broodbeleg,Hartig
Heinz,Sandwichspread komkommer,Vega,A-merk,Ontbijt/lunch,Broodbeleg,Hartig
Heinz,Sandwichspread naturel,Vega,A-merk,Ontbijt/lunch,Broodbeleg,Hartig
Heinz,Sandwichspread Tomaat Lente-ui,Vega,A-merk,Ontbijt/lunch,Broodbeleg,Hartig
Heinz,Sandwichspread Komkommer,Vega,A-merk,Ontbijt/lunch,Broodbeleg,Hartig
Zonnatura,Paprikaspread,Vegan,A-merk,Ontbijt/lunch,Broodbeleg,Hartig
AH,Roomkaas rode biet geitenkaas,Vega,Albert Heijn,Ontbijt/lunch,Broodbeleg,Hartig
Bettine,Geitenkaas spread naturel,Vega,A-merk,Ontbijt/lunch,Broodbeleg,Hartig
AH,Zoete aardappelspread chili en madras,Vega,Albert Heijn,Ontbijt/lunch,Broodbeleg,Hartig
Violife,Creamy original roomkaas,Vegan,A-merk,Ontbijt/lunch,Broodbeleg,Hartig
AH,Roomkaas met sweetpepper,Vega,Albert Heijn,Ontbijt/lunch,Broodbeleg,Hartig
AH,Frisse broodspread,Vega,Albert Heijn,Ontbijt/lunch,Broodbeleg,Hartig
Maza,Esfenaj spinazie amandel dip,Vegan,A-merk,Ontbijt/lunch,Broodbeleg,Hartig
Maza,Yazarra,Vega,A-merk,Ontbijt/lunch,Broodbeleg,Hartig
Zonnatura,Groentespread spicy tomaat,Vegan,A-merk,Ontbijt/lunch,Broodbeleg,Hartig
Mister Kitchen's,V-spread tomaat courgette,Vegan,A-merk,Ontbijt/lunch,Broodbeleg,Hartig
Mister Kitchen's,V-spread chili paprika,Vegan,A-merk,Ontbijt/lunch,Broodbeleg,Hartig
Zonnatura,Groentespread spinazie,Vegan,A-merk,Ontbijt/lunch,Broodbeleg,Hartig
AH,Cottage cheese,Vega,Albert Heijn,Ontbijt/lunch,Broodbeleg,Hartig
Mister Kitchen's,V-spread kerrie appel,Vegan,A-merk,Ontbijt/lunch,Broodbeleg,Hartig
AH,Americain spread,Vegan,Albert Heijn,Ontbijt/lunch,Broodbeleg,Hartig
Vegetarische slager,Boterhamworst,Vegan,A-merk,Ontbijt/lunch,Broodbeleg,Hartig
Kips,Vega snijworst,Vegan,A-merk,Ontbijt/lunch,Broodbeleg,Hartig
Kips,Vega paté,Vegan,A-merk,Ontbijt/lunch,Broodbeleg,Hartig
Quorn,Chicken free slices,Vegan,Albert Heijn,Ontbijt/lunch,Broodbeleg,Hartig
Vegetarische slager,Petit filet à l'Americain,Vegan,A-merk,Ontbijt/lunch,Broodbeleg,Hartig
Kips,Kleintje vega smeerworst,Vegan,A-merk,Ontbijt/lunch,Broodbeleg,Hartig
Vegetarische slager,Petit pâté,Vegan,A-merk,Ontbijt/lunch,Broodbeleg,Hartig
Quorn,Smoky ham free slices,Vegan,Albert Heijn,Ontbijt/lunch,Broodbeleg,Hartig
Kips,Vega smeerworst tuinkruiden,Vegan,A-merk,Ontbijt/lunch,Broodbeleg,Hartig
Kips,Vega filet americain,Vegan,A-merk,Ontbijt/lunch,Broodbeleg,Hartig
Kips,Vega pâté mediterraans,Vegan,A-merk,Ontbijt/lunch,Broodbeleg,Hartig
Kips,Vega smeerworst mager,Vegan,A-merk,Ontbijt/lunch,Broodbeleg,Hartig
Zonnatura,Vegetarische Paté naturel,Vegan,A-merk,Ontbijt/lunch,Broodbeleg,Hartig
Zonnatura,Vegetarische Paté Provencaalse kruiden,Vegan,A-merk,Ontbijt/lunch,Broodbeleg,Hartig
Garden Gourmet,Vegetarische smeerworst,Vega,Albert Heijn,Ontbijt/lunch,Broodbeleg,Hartig
Garden Gourmet,Vegetarische smeerworst tuinkruiden,Vega,Albert Heijn,Ontbijt/lunch,Broodbeleg,Hartig
Vegetarische slager,Spaanse worst,Vega,A-merk,Ontbijt/lunch,Broodbeleg,Hartig
Quorn,Vegetarian Pepperoni,Vega,Albert Heijn,Ontbijt/lunch,Broodbeleg,Hartig
Garden Gourmet,Vegetarische filet americain,Vega,Albert Heijn,Ontbijt/lunch,Broodbeleg,Hartig
Garden Gourmet,Vegetarisch gehakt bieslook,Vega,Albert Heijn,Ontbijt/lunch,Broodbeleg,Hartig
Vegetarische slager,Boterhamworst Provencaal,Vegan,A-merk,Ontbijt/lunch,Broodbeleg,Hartig
Garden Gourmet,Vegetarische filet,Vega,Albert Heijn,Ontbijt/lunch,Broodbeleg,Hartig
AH,Vega plakjes Mediterrano,Vega,Albert Heijn,Ontbijt/lunch,Broodbeleg,Hartig
AH,Vega plakjes Picanto,Vega,Albert Heijn,Ontbijt/lunch,Broodbeleg,Hartig
AH,Vega plakjes tuinkruiden,Vega,Albert Heijn,Ontbijt/lunch,Broodbeleg,Hartig
AH,Hummus pikant,Vegan,Albert Heijn,Ontbijt/lunch,Broodbeleg,Hartig
AH,Pikante hummus (vers),Vegan,Albert Heijn,Ontbijt/lunch,Broodbeleg,Hartig
AH,Hummus zongedroogde tomaat (vers),Vegan,Albert Heijn,Ontbijt/lunch,Broodbeleg,Hartig
Maza,Hoemoes tomaat - basilicum,Vegan,A-merk,Ontbijt/lunch,Broodbeleg,Hartig
AH,Zoete pompoenhummus (ves),Vegan,Albert Heijn,Ontbijt/lunch,Broodbeleg,Hartig
Maza,Hoemoes rode biet,Vegan,A-merk,Ontbijt/lunch,Broodbeleg,Hartig
AH,Hummus gegrilde groenten (vers),Vegan,Albert Heijn,Ontbijt/lunch,Broodbeleg,Hartig
AH,Hummus zongedroogde tomaat,Vegan,Albert Heijn,Ontbijt/lunch,Broodbeleg,Hartig
Maza,Hoemoes kerrie,Vegan,A-merk,Ontbijt/lunch,Broodbeleg,Hartig
AH,Hummus avocado (vers),Vegan,Albert Heijn,Ontbijt/lunch,Broodbeleg,Hartig
AH,Hummus harissa (vers),Vegan,Albert Heijn,Ontbijt/lunch,Broodbeleg,Hartig
AH,Hummus pittig (houdbaar),Vegan,Albert Heijn,Ontbijt/lunch,Broodbeleg,Hartig
AH,Hummus pompoen (houdbaar),Vegan,Albert Heijn,Ontbijt/lunch,Broodbeleg,Hartig
Maza,Hoemoes tomaat - basilicum less salt,Vegan,A-merk,Ontbijt/lunch,Broodbeleg,Hartig
Maza,Hoemoes chipotle,Vegan,A-merk,Ontbijt/lunch,Broodbeleg,Hartig
Maza,Hoemoes met tuinkruiden,Vegan,A-merk,Ontbijt/lunch,Broodbeleg,Hartig
Maza,Hoemoes paprika oregano,Vegan,A-merk,Ontbijt/lunch,Broodbeleg,Hartig
Johma,Selderij-appel salade,Vegan,A-merk,Ontbijt/lunch,Broodbeleg,Hartig
AH,Hummus kerrie,Vegan,Albert Heijn,Ontbijt/lunch,Broodbeleg,Hartig
AH,Scharrelei bieslooksalade (vers),Vega,Albert Heijn,Ontbijt/lunch,Broodbeleg,Hartig
AH,Vrije uitloop-eisalade,Vega,Albert Heijn,Ontbijt/lunch,Broodbeleg,Hartig
AH,Selleriesalade,Vega,Albert Heijn,Ontbijt/lunch,Broodbeleg,Hartig
AH,Komkommersalade,Vega,Albert Heijn,Ontbijt/lunch,Broodbeleg,Hartig
Johma,Brusschetta,Vegan,A-merk,Ontbijt/lunch,Broodbeleg,Hartig
Maza,Hoemoes ras-el-hanout,Vega,A-merk,Ontbijt/lunch,Broodbeleg,Hartig
Maza,Hoemoes koriander en limoen,Vegan,A-merk,Ontbijt/lunch,Broodbeleg,Hartig
Snack-a-Jacks,Snack-a-Jacks BBQ Paprika,Vegan,A-merk,Tussendoor,Hartig,
Snack-a-Jacks,Snack-a-Jacks caramel,Vegan,A-merk,Tussendoor,Zoet,
Snelle jelle,Rozijnenkoek,Vegan,A-merk,Tussendoor,Zoet,
Snelle jelle,Kruidkoek naturel,Vegan,A-merk,Tussendoor,Zoet,
Zonnatura,Pinda crunch repen,Vegan,A-merk,Tussendoor,Zoet,
Peijnenburg,Ontbijtkoek tussendoor noten,Vegan,A-merk,Tussendoor,Zoet,
Snelle jelle,"Goed gevuld - Noten, zaden en fruitkoek",Vegan,A-merk,Tussendoor,Zoet,
Eat natural,"Simply vegan peanuts, coconut and chocolate",Vegan,A-merk,Tussendoor,Zoet,
Peijnenburg,Tussendoor Fruitkoek,Vegan,A-merk,Tussendoor,Zoet,
AH,Notenreep kokos,Vegan,Albert Heijn,Tussendoor,Zoet,
AH,Notenreep choco,Vegan,Albert Heijn,Tussendoor,Zoet,
Sultana,Fruitbiscuit bosvruchten,Vega,A-merk,Tussendoor,Zoet,
Sultana,Fruitbiscuit appel,Vega,A-merk,Tussendoor,Zoet,
Sultana,Knapperrs kaneel,Vega,A-merk,Tussendoor,Zoet,
Sultana,Fruitbiscuit peer-kaneel,Vega,A-merk,Tussendoor,Zoet,
Sultana,YoFruit aardbei,Vega,A-merk,Tussendoor,Zoet,
Sultana,Knapperrs kokos,Vega,A-merk,Tussendoor,Zoet,
Sultana,YoFruit framboos,Vega,A-merk,Tussendoor,Zoet,
Sultana,Goodmorning cranberry,Vega,A-merk,Tussendoor,Zoet,
Sultana,Boordebol granen bosbes,Vega,A-merk,Tussendoor,Zoet,
AH,Meergranenbiscuit appel,Vega,Albert Heijn,Tussendoor,Zoet,
Liga,Milkbreak melk,Vega,A-merk,Tussendoor,Zoet,
Liga,Milkbreak bosvruchten-framboos,Vega,A-merk,Tussendoor,Zoet,
Nutella,B-ready,Vega,A-merk,Tussendoor,Zoet,
AH,Fruitbiscuits naturel,Vega,Albert Heijn,Tussendoor,Zoet,
Liga,Evergreen crunchy appel-peer,Vega,A-merk,Tussendoor,Zoet,
AH,Melkbiscuit chocosmaak,Vega,A-merk,Tussendoor,Zoet,
AH,Apfelstrudel,Vegan,Albert Heijn,Tussendoor,Gebak,Diepvries
Rocky rice,Choco-orange rijstreep,Vegan,Action,Tussendoor,Zoet,
Rocky rice,Chocolade rijstreep,Vegan,Action,Tussendoor,Zoet,
Hema,Appelkruimeltaart,Vegan,Hema,Tussendoor,Gebak,Vers
Bolletje,Goed bezig krokante graanrepen Waldkorn,Vegan,A-merk,Tussendoor,Zoet,
Bolletje,Goed bezig krokante graanrepen Cranberry,Vegan,A-merk,Tussendoor,Zoet,
Bolletje,Goed bezig Havermoutrepen rood fruit,Vega,A-merk,Tussendoor,Zoet,
Bolletje,Goed bezig Stevige havermoutreep naturel,Vega,A-merk,Tussendoor,Zoet,
Pringles,Pringles Paprika,Vegan,A-merk,Tussendoor,Hartig,Chips
Pringles,Pringles Original,Vegan,A-merk,Tussendoor,Hartig,Chips
Pringles,Pringles Texas BBQ,Vegan,A-merk,Tussendoor,Hartig,Chips
Lay's,Lay's naturel light,Vegan,A-merk,Tussendoor,Hartig,Chips
Lay's,Lay's Naturel,Vegan,A-merk,Tussendoor,Hartig,Chips
Lay's,Lay's Oven baked naturel,Vegan,A-merk,Tussendoor,Hartig,Chips
Lay's,Lay's strong chili&lime,Vegan,A-merk,Tussendoor,Hartig,Chips
Lay's,Lay's Poppables roasted paprika,Vegan,A-merk,Tussendoor,Hartig,Chips
Lay's,Lay's Sensations Japanese wasabi & ginger,Vegan,A-merk,Tussendoor,Hartig,Chips
Lay's,Lay's Oven baked barbecue,Vegan,A-merk,Tussendoor,Hartig,Chips
Lay's,Lay's Poppables Sweet chili,Vegan,A-merk,Tussendoor,Hartig,Chips
Lay's,Lay's Superchips naturel,Vegan,A-merk,Tussendoor,Hartig,Chips
Croky,Paprika,Vegan,A-merk,Tussendoor,Hartig,Chips
Chio,Heart breakers,Vegan,A-merk,Tussendoor,Hartig,Chips
Pombar,Original,Vegan,A-merk,Tussendoor,Hartig,Chips
Croky,Bolognese,Vegan,A-merk,Tussendoor,Hartig,Chips
Kettle,Sea salt & Rosemary,Vegan,A-merk,Tussendoor,Hartig,Chips
Lay's,Wokkels paprika,Vegan,A-merk,Tussendoor,Hartig,Chips
Remia,Satésaus,Vegan,A-merk,Avondeten,Sauzen,
Remia,Mayolijn,Vegan,A-merk,Avondeten,Sauzen,
Katja,Zure matjes,Vegan,A-merk,Tussendoor,Snoep,
Katja,Zure sticks,Vegan,A-merk,Tussendoor,Snoep,
Katja,Dropharingen,Vegan,A-merk,Tussendoor,Snoep,Drop
Katja,Sallos Xtreme,Vegan,A-merk,Tussendoor,Snoep,Drop
Katja,Sallos Rfresh,Vegan,A-merk,Tussendoor,Snoep,Drop
Duyvis,Tijgernootjes BBQ Paprika,Vegan,A-merk,Tussendoor,Hartig,Nootjes
Duyvis,Borrelnootjes Provencaals,Vegan,A-merk,Tussendoor,Hartig,Nootjes
Duyvis,Borrelnootjes oriental,Vegan,A-merk,Tussendoor,Hartig,Nootjes
Duyvis,Tijgernootjes Paprika fiesta,Vegan,A-merk,Tussendoor,Hartig,Nootjes
Ola,Festini Aardbei,Vegan,A-merk,Tussendoor,Ijs,Waterijs
Ola,Festini Peer,Vegan,A-merk,Tussendoor,Ijs,Waterijs
Venco,Gesuikerde fietsen,Vegan,A-merk,Tussendoor,Snoep,Drop
Venco,Droprondo's zoete dropsmaak,Vegan,A-merk,Tussendoor,Snoep,Drop
Venco,Suikervrije zoute drop,Vegan,A-merk,Tussendoor,Snoep,Drop
Venco,Suikervrije zoete drop,Vegan,A-merk,Tussendoor,Snoep,Drop
Vegetarische slager,Bapao No Beef ketjap,Vegan,A-merk,Tussendoor,Snacks,Vers
Red Band,Dropfruit duo ijsjes,Vegan,A-merk,Tussendoor,Ijs,Waterijs
Chovi,Allioli Vegan,Vegan,A-merk,Ontbijt/lunch,Broodbeleg,Hartig
Bolletje,Schuddebuikjes Speculaas,Vegan,A-merk,Ontbijt/lunch,Broodbeleg,Zoet
Verkade,San Francisco volkoren,Vegan,A-merk,Tussendoor,Zoet,
Verkade,Glutenvrije Oaties,Vegan,A-merk,Tussendoor,Zoet,
Onest,Quinoa chips Sweet chili,Vegan,A-merk,Tussendoor,Hartig,Chips
Onest,Lentil chips rosemary,Vegan,A-merk,Tussendoor,Hartig,Chips
Onest,Chickpea chips Curry,Vegan,A-merk,Tussendoor,Hartig,Chips
Delicata,Puur gember limoen,Vegan,Albert Heijn,Tussendoor,Zoet,Chocola
Delicata,Puur szechuan peper rijstcrisps,Vegan,Albert Heijn,Tussendoor,Zoet,Chocola
Delicata,Puur lavendel karamel,Vegan,Albert Heijn,Tussendoor,Zoet,Chocola
Delicata,Puur aardbei balsamico,Vegan,Albert Heijn,Tussendoor,Zoet,Chocola
Delicata,Puur bosbes viooltjes,Vegan,Albert Heijn,Tussendoor,Zoet,Chocola
Violife,Greek white block,Vegan,A-merk,Zuivel,Kaas,
Alpro,Almond salted caramel,Vegan,A-merk,Tussendoor,Ijs,Chocola
Alpro,Hazelnut chocolate,Vegan,A-merk,Tussendoor,Ijs,Chocola
Alpro,Madagascan vanilla,Vegan,A-merk,Tussendoor,Ijs,Roomijs
Alpro,Karamel macchiato Swirl,Vegan,A-merk,Tussendoor,Ijs,Roomijs
Alpro,Mango Swirl,Vegan,A-merk,Tussendoor,Ijs,Roomijs
Liga,Haverkick bosvruchten,Vegan,A-merk,Tussendoor,Zoet,
Liga,Haverkick appel,Vegan,A-merk,Tussendoor,Zoet,
Ben&Jerry's,Peanutbutter&Cookies Non-dairy,Vegan,A-merk,Tussendoor,Ijs,Roomijs
Ben&Jerry's,Cookies on cookie dough non-dairy,Vegan,A-merk,Tussendoor,Ijs,Roomijs
Ben&Jerry's,Coconutterly caramel'd non-dairy,Vegan,A-merk,Tussendoor,Ijs,Roomijs
Ben&Jerry's,Chocolate fudge brownie non-dairy,Vegan,A-merk,Tussendoor,Ijs,Roomijs
Wieger Kettellapper,Ware Wieger kruidkoek,Vegan,A-merk,Tussendoor,Zoet,
Bolletje,Vezelrijk beschuit meerzaden,Vegan,A-merk,Ontbijt/lunch,Crackers etc,
Bolletje,Vezelrijk beschuit meergranen,Vegan,A-merk,Ontbijt/lunch,Crackers etc,
Bolletje,Boeren beschuit donker volkoren,Vegan,A-merk,Ontbijt/lunch,Crackers etc,
Bolletje,Boeren beschuit granen & zaden,Vegan,A-merk,Ontbijt/lunch,Crackers etc,
Dr. Oetker,Ristorante pizza rossa vegetale,Vegan,A-merk,Avondeten,Diepvries,Pizza
Aviko,Easy veggie roasted corn,Vegan,A-merk,Avondeten,Diepvries,
Aviko,Easy veggie falafel,Vegan,A-merk,Avondeten,Diepvries,
Aviko,Easy veggie sweet potato,Vegan,A-merk,Avondeten,Diepvries,
Jumbo,Puur chocopasta,Vegan,Jumbo,Ontbijt/lunch,Broodbeleg,Zoet
De Ruijter,Chocoladevlokken extra puur Royaal,Vegan,A-merk,Ontbijt/lunch,Broodbeleg,Zoet
AH Basic,Hazelnoot duopasta,Vegan,Albert Heijn,Ontbijt/lunch,Broodbeleg,Zoet
Plus,Hagelslag puur,Vegan,Plus,Ontbijt/lunch,Broodbeleg,Zoet
Violige,Mozzarella flavour grated,Vegan,A-merk,Zuivel,Kaas,
Next level meat,Vegan nuggets 'classic',Vegan,Lidl,Avondeten,Vleesvervangers,
Eat real,Hummus chips tomato & basil,Vegan,A-merk,Tussendoor,Hartig,Chips
Chef Select,Kaasschnitzel,Vega,Lidl,Avondeten,Vleesvervangers,
Chef Select,Groenteschijf,Vega,Lidl,Avondeten,Vleesvervangers,
Chef Select,Toscaanse carré,Vega,Lidl,Avondeten,Vleesvervangers,
Chef Select,Groenteschnitzel,Vega,Lidl,Avondeten,Vleesvervangers,
Chef Select,Champignonburger,Vega,Lidl,Avondeten,Vleesvervangers,
Chef Select,Spinazie-kaasrondo,Vega,Lidl,Avondeten,Vleesvervangers,
Chef Select,Wortel-pompoenburger,Vega,Lidl,Avondeten,Vleesvervangers,
Chef Select,Kipstukjes,Vega,Lidl,Avondeten,Vleesvervangers,
Chef Select,Wokstukjes,Vega,Lidl,Avondeten,Vleesvervangers,
Chef Select,Rulgehakt,Vegan,Lidl,Avondeten,Vleesvervangers,
Chef Select,Shoarma,Vegan,Lidl,Avondeten,Vleesvervangers,
Chef Select,Spekreepjes,Vegan,Lidl,Avondeten,Vleesvervangers,
Chef Select,Tofu,Vegan,Lidl,Avondeten,Vleesvervangers,
Chef Select,Tempeh,Vegan,Lidl,Avondeten,Vleesvervangers,
Chef Select,Kip krokant schnitzel,Vegan,Lidl,Avondeten,Vleesvervangers,
Chef Select,Juicy steak,Vegan,Lidl,Avondeten,Vleesvervangers,
Chef Select,Braadworst,Vega,Lidl,Avondeten,Vleesvervangers,
Chef Select,Balletjes,Vega,Lidl,Avondeten,Vleesvervangers,
Chef Select,Burger,Vega,Lidl,Avondeten,Vleesvervangers,
Chef Select,Schnitzel,Vega,Lidl,Avondeten,Vleesvervangers,
Chef Select,Orientschijf,Vega,Lidl,Avondeten,Vleesvervangers,
Chef Select,Kaasschelp,Vega,Lidl,Avondeten,Vleesvervangers,
VegaFit,Nuggets,Vegan,A-merk,Avondeten,Vleesvervangers,
Ola,Raket,Vegan,A-merk,Tussendoor,Ijs,Waterijs
Tony's Chocolonely,Puur amandel zeezout,Vegan,A-merk,Tussendoor,Zoet,Chocola
Tony's Chocolonely,Puur,Vegan,A-merk,Tussendoor,Zoet,Chocola
Tony's Chocolonely,Puur pecan kokos,Vegan,A-merk,Tussendoor,Zoet,Chocola
Calvé,Steak saus (glazen fles),Vegan,A-merk,Avondeten,Sauzen,
Calvé,Schaschlik (glazen fles),Vegan,A-merk,Avondeten,Sauzen,
Calvé,Barbecue saus (glazen fles),Vegan,A-merk,Avondeten,Sauzen,
Garden Gourmet,Sensational Chorizo,Vegan,A-merk,Avondeten,Vleesvervangers,
Garden Gourmet,Vegetarisch fijngehakt,Vegan,A-merk,Avondeten,Vleesvervangers,
Garden Gourmet,Sensational braadworst,Vegan,A-merk,Avondeten,Vleesvervangers,
Garden Gourmet,Sensational gehakt,Vegan,A-merk,Avondeten,Vleesvervangers,
Garden Gourmet,Falafel pikant,Vegan,A-merk,Avondeten,Vleesvervangers,
Garden Gourmet,Falafel spinazie,Vegan,A-merk,Avondeten,Vleesvervangers,
Garden Gourmet,Falafel,Vegan,A-merk,Avondeten,Vleesvervangers,
Garden Gourmet,Burger,Vegan,A-merk,Avondeten,Vleesvervangers,
Garden Gourmet,Sensational burger,Vegan,A-merk,Avondeten,Vleesvervangers,
Garden Gourmet,Burger deluxe,Vega,A-merk,Avondeten,Vleesvervangers,
Garden Gourmet,Kaasschnitzel,Vega,A-merk,Avondeten,Vleesvervangers,
Garden Gourmet,Burger Jalapeno,Vega,A-merk,Avondeten,Vleesvervangers,
Garden Gourmet,Chimichurriburger,Vega,A-merk,Avondeten,Vleesvervangers,
Knorr,Wereldgerecht Mexicaanse burrito's,Vegan,A-merk,Avondeten,Maaltijdpakketten,
Knorr,Wereldgerecht Mexicaanse burrito's XXL,Vegan,A-merk,Avondeten,Maaltijdpakketten,
Knorr,Wereldgerecht Mexicaanse taco's,Vegan,A-merk,Avondeten,Maaltijdpakketten,
Knorr,Wereldgerecht Turkse Dürüm,Vegan,A-merk,Avondeten,Maaltijdpakketten,
Knorr,Wereldgerecht Surinaase Roti,Vegan,A-merk,Avondeten,Maaltijdpakketten,
Knorr,Wereldgerecht Nacho Ovenschotel,Vegan,A-merk,Avondeten,Maaltijdpakketten,
Knorr,Wereldgerecht Mexicaanse Quesadilla's,Vegan,A-merk,Avondeten,Maaltijdpakketten,
Mora,Vegetarische kipkorn,Vegan,A-merk,Avondeten,Vleesvervangers,
Mora,Veggie saté,Vega,A-merk,Avondeten,Vleesvervangers,
Mora,Oven & Airfryer Goudse kaassoufflé,Vega,A-merk,Avondeten,Vleesvervangers,
Mora,Vega draadjesvlees kroket,Vega,A-merk,Avondeten,Vleesvervangers,
Mora,Oven & Airfryer bamischijf vega,Vegan,A-merk,Avondeten,Vleesvervangers,
Mora,Tostini Mozzarella-tomaat,Vega,A-merk,Avondeten,Vleesvervangers,
Mora,Mini Kaassoufflé,Vega,A-merk,Avondeten,Vleesvervangers,
Mora,Kaassoufflé,Vega,A-merk,Avondeten,Vleesvervangers,
Mora,Vega draadjesvlees bitterballen,Vega,A-merk,Avondeten,Vleesvervangers,
Mora,Loempia groenten,Vega,A-merk,Avondeten,Vleesvervangers,
Mora,Vegetarische frikandellen,Vega,A-merk,Avondeten,Vleesvervangers,
Mora,Oven groenten bitterballen,Vega,A-merk,Avondeten,Vleesvervangers,
Peijnenburg,Ontbijtkoek parelkandij ongesneden,Vegan,A-merk,Tussendoor,Zoet,
AH,Speculaasbrokken,Vegan,Albert Heijn,Tussendoor,Koek,Luxe koeken
Snelle jelle,Ontbijtkoek,Vegan,A-merk,Tussendoor,Zoet,
Peijnenburg,Ontbijtkoek rozijnen ongesneden,Vegan,A-merk,Tussendoor,Zoet,
Peijnenburg,Ontbijtkoek noten ongesneden,Vegan,A-merk,Tussendoor,Zoet,
Nakd,Cacao delight,Vegan,A-merk,Tussendoor,Zoet,
Nakd,Blueberry muffin,Vegan,A-merk,Tussendoor,Zoet,
Nakd,Pecan Pie,Vegan,A-merk,Tussendoor,Zoet,
Nakd,Salted caramel,Vegan,A-merk,Tussendoor,Zoet,
Nakd,Lemon cake,Vegan,A-merk,Tussendoor,Zoet,
Nakd,Berry delight,Vegan,A-merk,Tussendoor,Zoet,
Nakd,Cocoa coconut,Vegan,A-merk,Tussendoor,Zoet,
Nakd,Carrot cake,Vegan,A-merk,Tussendoor,Zoet,
Nakd,Coffee&Walnut,Vegan,A-merk,Tussendoor,Zoet,
Nakd,Strwaberry sundae,Vegan,A-merk,Tussendoor,Zoet,
Nakd,Banoffee pie,Vegan,A-merk,Tussendoor,Zoet,
Nakd,Banana oatie,Vegan,A-merk,Tussendoor,Zoet,
Trek,Proteine Flapjacks Cocoa Oat,Vegan,A-merk,Tussendoor,Zoet,
Trek,Proteine Flapjacks Banana bread,Vegan,A-merk,Tussendoor,Zoet,
Trek,Proteine Flapjacks Cocoa coconut,Vegan,A-merk,Tussendoor,Zoet,
Trek,Nut bars chocolate&sea salt,Vegan,A-merk,Tussendoor,Zoet,
Trek,Nut bars blueberry&pimpkinseed,Vegan,A-merk,Tussendoor,Zoet,
AH,Bamiblok,Vegan,Albert Heijn,Avondeten,Vleesvervangers,
Vegetarische slager,Kroketten,Vegan,A-merk,Avondeten,Vleesvervangers,
Vegetarische slager,Bitterballen,Vegan,A-merk,Avondeten,Vleesvervangers,
Vegetarische slager,Kipnuggets,Vegan,A-merk,Avondeten,Vleesvervangers,
Vegetarische slager,Bamischijf,Vegan,A-merk,Avondeten,Vleesvervangers,
AH,Steenoven mini pizza's,Vegan,Albert Heijn,Avondeten,Pizza,
AH,Ruimteijsjes,Vegan,Albert Heijn,Tussendoor,Ijs,Waterijs
AH,Dubbellikkers,Vegan,Albert Heijn,Tussendoor,Ijs,Waterijs
AH,Perenijsjes,Vegan,Albert Heijn,Tussendoor,Ijs,Waterijs
AH,Regenboogijsjes,Vegan,Albert Heijn,Tussendoor,Ijs,Waterijs
AH,4kleuren ijsjes,Vegan,Albert Heijn,Tussendoor,Ijs,Waterijs
AH,Citroen sorbetijs,Vegan,Albert Heijn,Tussendoor,Ijs,Waterijs
AH,Perzikijsjes,Vegan,Albert Heijn,Tussendoor,Ijs,Waterijs
AH,Biologische bosfruitijsjes,Vegan,Albert Heijn,Tussendoor,Ijs,Waterijs
AH,Sorbetijs mango,Vegan,Albert Heijn,Tussendoor,Ijs,Waterijs
AH,Potloodijsjes,Vegan,Albert Heijn,Tussendoor,Ijs,Waterijs
AH,Biologische perenijsjes,Vegan,Albert Heijn,Tussendoor,Ijs,Waterijs
AH,Sorbetijs bosvruchten,Vegan,Albert Heijn,Tussendoor,Ijs,Waterijs
AH,Sappiez,Vegan,Albert Heijn,Tussendoor,Ijs,Waterijs
AH,Vrieslollies,Vegan,Albert Heijn,Tussendoor,Ijs,Waterijs
Hagelswag,Chocoladechunks puur,Vegan,A-merk,Ontbijt/lunch,Broodbeleg,Zoet
Hagelswag,Chocoladechunks puur hazelnoot,Vegan,A-merk,Ontbijt/lunch,Broodbeleg,Zoet
Gelatelli,Coconut milk popsicles,Vegan,Lidl,Tussendoor,Ijs,Roomijs
Gelatelli,Coconut milk ice dessert,Vegan,Lidl,Tussendoor,Ijs,Roomijs
Gelatelli,Coconot milk ice pops dark choc - almond,Vegan,Lidl,Tussendoor,Ijs,Roomijs
So Vegan So Fine,Chocoladepasta,Vegan,A-merk,Ontbijt/lunch,Broodbeleg,Zoet
So Vegan So Fine,Hazelnootpasta,Vegan,A-merk,Ontbijt/lunch,Broodbeleg,Zoet
So Vegan So Fine,Witte kokospasta,Vegan,A-merk,Ontbijt/lunch,Broodbeleg,Zoet
So Vegan So Fine,Pure chocoladepasta,Vegan,A-merk,Ontbijt/lunch,Broodbeleg,Zoet
Haribo,Dragibus,Vegan,A-merk,Tussendoor,Zoet,Snoep
AH,Mexicaanse nacho's maaltijdpakket,Vegan,Albert Heijn,Avondeten,Maaltijdpakketten,
AH,Italiaanse spaghetti,Vegan,Albert Heijn,Avondeten,Maaltijdpakketten,
G'woon,Hondesnuitjes,Vegan,Poiesz,Tussendoor,Zoet,Snoep
Bonduelle,Linzen & Wortel pasta,Vegan,A-merk,Avondeten,Bijgerechten,
Bonduelle,Erwten & Courgette pasta,Vegan,A-merk,Avondeten,Bijgerechten,
Bonduelle,Kikkererwten & Mais pasta,Vegan,A-merk,Avondeten,Bijgerechten,
AH,Toffee pindakaas,Vegan,Albert Heijn,Ontbijt/lunch,Broodbeleg,Zoet
AH,Cacao pindapasta,Vegan,Albert Heijn,Ontbijt/lunch,Broodbeleg,Zoet
Hema,Hotdogsaus,Vegan,Hema,Avondeten,Sauzen,
Jumbo,Fusion waterijsjes,Vegan,Jumbo,Tussendoor,Ijs,Waterijs
Johma,Toaat-courgette pastasalade,Vegan,A-merk,Avondeten,Salades,
Vitalu,Tarwecrackers,Vegan,A-merk,Ontbijt/lunch,Crackers etc,
Vegan Junkstar,Vegan bacon,Vegan,A-merk,Avondeten,Vleesvervangers,
Nature&Moi,Le Coeur Fleuri,Vegan,A-merk,Zuivel,Kaas,
Bieze,Coleslaw Spicy pepper,Vegan,Lidl,Avondeten,Salades,
Bieze,Coleslaw Tasty classic,Vegan,Lidl,Avondeten,Salades,
Bieze,Coleslaw Louisiana red,Vegan,Lidl,Avondeten,Salades,
Bieze,Coleslaw Curry coco,Vegan,Lidl,Avondeten,Salades,
Heura,Pizza,Vegan,Jumbo,Avondeten,Pizza,
AH,Mexicaanse Burrito's,Vegan,Albert Heijn,Avondeten,Maaltijdpakketten,
Vegan Junkstar,Vegan Zeastar crispy lemon shrimps,Vegan,A-merk,Avondeten,Vleesvervangers,
Vegan Junkstar,Vegan Zeastar kalamariz,Vegan,A-merk,Avondeten,Vleesvervangers,
Vegan Junkstar,Vegan Zeastar Notuna sashimi,Vegan,A-merk,Avondeten,Vleesvervangers,
Vegan Junkstar,Vegan Zeastar Zalmon sashimi,Vegan,A-merk,Avondeten,Vleesvervangers,
AH,Empanada (vers),Vegan,Albert Heijn,Avondeten,Snacks,
Jumbo,Groente kroepoek,Vegan,Jumbo,Tussendoor,Hartig,Kroepoek
Smaakt,Gevulde rozijnenkoeken,Vegan,A-merk,Tussendoor,Zoet,Luxe koeken
Smaakt,Gevulde abrikozenkoeken,Vegan,A-merk,Tussendoor,Zoet,Luxe koeken
Johma,Komkommer venkelsalade,Vegan,A-merk,Ontbijt/lunch,Broodbeleg,Hartig
Hak,Burritoschotel,Vegan,A-merk,Avondeten,Kant-en-klaar,
Hak,Bonenschotel,Vegan,A-merk,Avondeten,Kant-en-klaar,
Hak,Linzen curryschotel,Vegan,A-merk,Avondeten,Kant-en-klaar,
Hak,Italiaanse groenteschotel,Vegan,A-merk,Avondeten,Kant-en-klaar,
Hak,Mexicaanse groenteschotel,Vegan,A-merk,Avondeten,Kant-en-klaar,
Hak,Bologneseschotel,Vegan,A-merk,Avondeten,Kant-en-klaar,
Zwanenberg,Mini vega smeerworst,Vegan,A-merk,Ontbijt/lunch,Broodbeleg,Hartig
Klene,Woordzoekers zout&salmiak,Vegan,A-merk,Tussendoor,Zoet,Drop
Klene,Woordzoekers zoet&bosvruchten,Vegan,A-merk,Tussendoor,Zoet,Drop
Klene,Woordzoekers zout&karamel,Vegan,A-merk,Tussendoor,Zoet,Drop
Remia,Cola curry,Vegan,A-merk,Avondeten,Sauzen,
Costa Ligure,Pesto Gevonese bio,Vegan,A-merk,Avondeten,Sauzen,
Iglo,Green Cuisine Veggie sticks,Vegan,A-merk,Avondeten,Vleesvervangers,
Iglo,Green Cuisine vegetarische burger,Vegan,A-merk,Avondeten,Vleesvervangers,
Iglo,Green Cuisine vegetarische balletjes,Vegan,A-merk,Avondeten,Vleesvervangers,
Iglo,Green Cuisine Vegetarisch gehakt,Vegan,A-merk,Avondeten,Vleesvervangers,
Iglo,Green Cuisine Falafel,Vegan,A-merk,Avondeten,Vleesvervangers,
1deBeste,Vegetarische schnitzel,Vegan,Dirk,Avondeten,Vleesvervangers,
1deBeste,Oosterse schijf,Vegan,Dirk,Avondeten,Vleesvervangers,
Gold&Green,Pulled Oats Naturel,Vegan,A-merk,Avondeten,Vleesvervangers,
Gold&Green,Pulled Oats Tomaat,Vegan,A-merk,Avondeten,Vleesvervangers,
Milbona,Soyayoghurt Blueberry,Vegan,Lidl,Zuivel,Yoghurt/Kwark,
Milbona,Soyayoghurt Naturel,Vegan,Lidl,Zuivel,Yoghurt/Kwark,
Milbona,Soyayoghurt Vanilla,Vegan,Lidl,Zuivel,Yoghurt/Kwark,
Lazy Vegan,Ready meal provencale,Vegan,A-merk,Avondeten,Kant-en-klaar,
Lazy Vegan,Ready meal Tikka masala,Vegan,A-merk,Avondeten,Kant-en-klaar,
Lazy Vegan,Ready meal Mexican,Vegan,A-merk,Avondeten,Kant-en-klaar,
Alpro,Absolutely oat,Vegan,A-merk,Zuivel,Yoghurt/Kwark,
Alpro,Absolutely coconut,Vegan,A-merk,Zuivel,Yoghurt/Kwark,
Boon,Bapao Sate,Vegan,A-merk,Avondeten,Snacks,
Boon,Bapao Chili,Vegan,A-merk,Avondeten,Snacks,
AH,Hagelslag mix,Vegan,Albert Heijn,Ontbijt/lunch,Broodbeleg,Zoet
VegaFit,Gehaktschijf,Vegan,A-merk,Avondeten,Vleesvervangers,
VegaFit,Nuggets,Vegan,A-merk,Avondeten,Vleesvervangers,
VegaFit,Cordon Bleu,Vegan,A-merk,Avondeten,Vleesvervangers,
VegaFit,Krokant schnitzel,Vegan,A-merk,Avondeten,Vleesvervangers,
VegaFit,Balletjes,Vegan,A-merk,Avondeten,Vleesvervangers,
VegaFit,Steak,Vegan,A-merk,Avondeten,Vleesvervangers,
Manner,Napolitaner wafels,Vegan,A-merk,Tussendoor,Koek,Kleine koekjes
Hellmann's,Vegan mayonaise,Vegan,A-merk,Avondeten,Sauzen,
Unox,Puur soep tomaat-selderij,Vegan,A-merk,Avondeten,Soep,
Unox,Puur soep paprika-pastinaak,Vegan,A-merk,Avondeten,Soep,
Danerolles,Italian snack pizza dough,Vegan,A-merk,Avondeten,Pizza,
Van Wijngaarden,Zaanse Veganaise,Vegan,A-merk,Avondeten,Sauzen,
Van Wijngaarden,Curry,Vegan,A-merk,Avondeten,Sauzen,
Van Wijngaarden,Ketchup,Vegan,A-merk,Avondeten,Sauzen,
AH,Pitabroodjes spelt,Vegan,A-merk,Ontbijt/lunch,Brood,
Delicieux,Mini's pompoenburger,Vegan,Lidl,Avondeten,Vleesvervangers,
Delicieux,Mini's maisburger,Vegan,Lidl,Avondeten,Vleesvervangers,
Delicieux,Mini's groene bonenburger,Vegan,Lidl,Avondeten,Vleesvervangers,
Delicieux,Mini's rode bietenburger,Vegan,Lidl,Avondeten,Vleesvervangers,
Garden Gourmet,Incredible chorizo,Vegan,A-merk,Avondeten,Vleesvervangers,
Remia,Cuisine basissaus wit,Vegan,A-merk,Avondeten,Sauzen,
Remia,Cuisine basissaus bruin,Vegan,A-merk,Avondeten,Sauzen,
Mayoneur,Avocadomayo,Vegan,A-merk,Avondeten,Sauzen,
Mayoneur,Mangomayo,Vegan,A-merk,Avondeten,Sauzen,
Mayoneur,Vegan mayo,Vegan,A-merk,Avondeten,Sauzen,
No Fairytales,Worteltortilla,Vegan,A-merk,Avondeten,,
No Fairytales,Paprik&Chili tortilla,Vegan,A-merk,Avondeten,,
No Fairytales,Bietentortilla,Vegan,A-merk,Avondeten,,
Autodrop,Bekkentrekkend zure fruit dubbel dekkers,Vegan,A-merk,Tussendoor,Snoep,
Autodrop,Zalig zoete fruit dubbel dekkers,Vegan,A-merk,Tussendoor,Snoep,
Honig,Kruidenpasta macaroni en spaghetti,Vegan,A-merk,Avondeten,Kruiden/pasta's,
Honig,Kruidenpasta nasi speciaal,Vegan,A-merk,Avondeten,Kruiden/pasta's,
Honig,Kruidenpasta chili con carne,Vegan,A-merk,Avondeten,Kruiden/pasta's,
Honig,Kruidenpasta bami speciaal,Vegan,A-merk,Avondeten,Kruiden/pasta's,
Honig,Kruidenpasta lasagnesaus,Vegan,A-merk,Avondeten,Kruiden/pasta's,
Nescafé,Gold Amandel Macchiato,Vegan,A-merk,Tussendoor,Koffie,
Nescafé,Gold Haver Macchiato,Vegan,A-merk,Tussendoor,Koffie,
Nescafé,Gold Kokosnoot Macchiato,Vegan,A-merk,Tussendoor,Koffie,
Topking,Vlammetjes veggie,Vegan,A-merk,Avondeten,Snacks,
Jumbo,Dim sum snacks,Vegan,Jumbo,Avondeten,Snacks,
Iglo,Groente-Idee Hollands,Vegan,A-merk,Avondeten,Diepvries,Groente
Starbucks,Iced coffee almond plant-based,Vegan,A-merk,Tussendoor,Koffie,
Activia,Plantaardig Haver,Vegan,A-merk,Zuivel,Yoghurt/Kwark,
Activia,Plantaardig Perzik,Vegan,A-merk,Zuivel,Yoghurt/Kwark,
Activia,Plantaardig Vanille,Vegan,A-merk,Zuivel,Yoghurt/Kwark,
Danio,Danio Vegan Stracciatella,Vegan,A-merk,Zuivel,Toetjes,
Danio,Danio Vegan Mango Lime,Vegan,A-merk,Zuivel,Toetjes,
Danio,Danio Vegan Perzik Vanille,Vegan,A-merk,Zuivel,Toetjes,
Magioni,Bloemkool pizzabodem,Vegan,A-merk,Avondeten,Pizza,
Magioni,Courgette pizzabodem,Vegan,A-merk,Avondeten,Pizza,
Magioni,Pepp'roni power pizza,Vega,A-merk,Avondeten,Pizza,
Magioni,Pump'king goat cheese pizza,Vega,A-merk,Avondeten,Pizza,
Magioni,Margherita master pizza,Vega,A-merk,Avondeten,Pizza,
Conimex,Wok noodles,Vegan,A-merk,Avondeten,Bijgerechten,
Conimex,Ketjap manis,Vegan,A-merk,Avondeten,Sauzen,
Conimex,Atjar tjampoer,Vegan,A-merk,Avondeten,Bijgerechten,
Conimex,Kruidenmix bami,Vegan,A-merk,Avondeten,Kruiden/pasta's,
Conimex,Mihoen - Fijne rijstnoedels,Vegan,A-merk,Avondeten,Bijgerechten,
Conimex,Mie - Brede noedels,Vegan,A-merk,Avondeten,Bijgerechten,
Conimex,Kroepoek Jakarta,Vegan,A-merk,Tussendoor,Kroepoek,
Conimex,Gebakken uitjes,Vegan,A-merk,Avondeten,Bijgerechten,
Conimex,Rijstnoedels 5mm,Vegan,A-merk,Avondeten,Bijgerechten,
Conimex,Ketjap asin,Vegan,A-merk,Avondeten,Sauzen,
Conimex,Djintan,Vegan,A-merk,Avondeten,Kruiden/pasta's,
Conimex,Djahe,Vegan,A-merk,Avondeten,Kruiden/pasta's,
Conimex,Rijstnoedels 2mm,Vegan,A-merk,Avondeten,Bijgerechten,
Conimex,Ketoembar,Vegan,A-merk,Avondeten,Kruiden/pasta's,
Conimex,Laos kruiden,Vegan,A-merk,Avondeten,Kruiden/pasta's,
Conimex,Woksaus lemongrass-chili,Vegan,A-merk,Avondeten,Sauzen,
Conimex,Woksaus gembersiroop,Vegan,A-merk,Avondeten,Sauzen,
Conimex,Sojasaus,Vegan,A-merk,Avondeten,Sauzen,
Flora,Plant ongezouten,Vegan,A-merk,Zuivel,Boter,
Flora,Plant gezouten,Vegan,A-merk,Zuivel,Boter,
AH,Mini frikandel,Vegan,Albert Heijn,Avondeten,Vleesvervangers,
AH,Tofu omelette,Vegan,Albert Heijn,Avondeten,Vleesvervangers,
AH,Zeeburger met zeesla,Vegan,Albert Heijn,Avondeten,Vleesvervangers,
AH,Vegan cordon bleu,Vegan,Albert Heijn,Avondeten,Vleesvervangers,
AH,Vegan spekjes,Vegan,Albert Heijn,Avondeten,Vleesvervangers,
AH,Krokante schnitzel,Vegan,Albert Heijn,Avondeten,Vleesvervangers,
Samosaco,Mini Indian Selection,Vegan,A-merk,Avondeten,Vleesvervangers,
Jumbo,Chocolade pindarotsjes puur,Vegan,Jumbo,Tussendoor,Zoet,Chocola
Koopmans,Stracciatellacake,Vegan,A-merk,Tussendoor,Bakken,
AH,Vrij van gluten crackers,Vegan,Albert Heijn,Ontbijt/lunch,Crackers etc,
Knorr,Veggie bieten wraps,Vegan,A-merk,Avondeten,Bijgerechten,
Knorr,Veggie wortel wraps,Vegan,A-merk,Avondeten,Bijgerechten,
Deli di paolo,Pesto vegan,Vegan,A-merk,Avondeten,Sauzen,
AH,Barista amandel,Vegan,Albert Heijn,Zuivel,Melk,
AH,Barista haver,Vegan,Albert Heijn,Zuivel,Melk,
AH,Italiaanse carré,Vega,Albert Heijn,Avondeten,Vleesvervangers,
AH,Stukjes als van kip,Vega,Albert Heijn,Avondeten,Vleesvervangers,
AH,Rendang als van rund,Vega,Albert Heijn,Avondeten,Vleesvervangers,
AH,Stukjes als van rund,Vega,Albert Heijn,Avondeten,Vleesvervangers,
AH,Notenballetjes,Vega,Albert Heijn,Avondeten,Vleesvervangers,
Valess,Asian flakes,Vega,A-merk,Avondeten,Vleesvervangers,
Valess,Vegetarische rookworst,Vega,A-merk,Avondeten,Vleesvervangers,
Valess,Italian flakes,Vega,A-merk,Avondeten,Vleesvervangers,
Valess,Vegetarische schnitzel Gouda,Vega,A-merk,Avondeten,Vleesvervangers,
Valess,Vegetarische schnitzel,Vega,A-merk,Avondeten,Vleesvervangers,
Valess,Crispy sticks,Vega,A-merk,Avondeten,Vleesvervangers,
Valess,Vegetarische schnitzel tomaat-mozzarella,Vega,A-merk,Avondeten,Vleesvervangers,
Valle del sole,Sojastukjes,Vegan,A-merk,Avondeten,Vleesvervangers,
The flower farm,Smeren zonder palmolie,Vegan,A-merk,Zuivel,Boter,
Quorn,Vegan nuggets,Vegan,A-merk,Avondeten,Vleesvervangers,
Wasa,Delicate Crisp Rosemary & Sea salt,Vegan,A-merk,Ontbijt/lunch,Crackers etc,
Wasa,Volkoren Knäckebröd,Vegan,A-merk,Ontbijt/lunch,Crackers etc,
Wasa,Glutenfree classic Knäckebröd,Vegan,A-merk,Ontbijt/lunch,Crackers etc,
Wasa,Delicate Crisp Sesame & Sea Salt,Vegan,A-merk,Ontbijt/lunch,Crackers etc,
Wasa,Glutenfree sesame & Sea Salt,Vegan,A-merk,Ontbijt/lunch,Crackers etc,
Wasa,Original crisp roggecrackers,Vegan,A-merk,Ontbijt/lunch,Crackers etc,
Hollandia,Matzecrackers naturel,Vegan,A-merk,Ontbijt/lunch,Crackers etc,
Leksands,Knäcke original,Vegan,A-merk,Ontbijt/lunch,Crackers etc,
Bolletje,rond knäckebröd donker sesam,Vegan,A-merk,Ontbijt/lunch,Crackers etc,
Leev,Bio speltwafels volkoren,Vegan,A-merk,Ontbijt/lunch,Crackers etc,
Leksands,Knäcke extra krokant,Vegan,A-merk,Ontbijt/lunch,Crackers etc,
Leev,Bio linzenwafels,Vegan,A-merk,Ontbijt/lunch,Crackers etc,
Hollandia,Matzecrackers volkoren,Vegan,A-merk,Ontbijt/lunch,Crackers etc,
Bolletje,Oerknäck meergranen,Vegan,A-merk,Ontbijt/lunch,Crackers etc,
Leksands,Zweeds rogge knäckebröd,Vegan,A-merk,Ontbijt/lunch,Crackers etc,
Schär,Crackers pocket gluten free,Vegan,A-merk,Ontbijt/lunch,Crackers etc,
Wieringa,Knappertjes,Vegan,A-merk,Ontbijt/lunch,Crackers etc,
BioToday,Crispy cracker original bio,Vegan,A-merk,Ontbijt/lunch,Crackers etc,
Consenza,Cracker thins,Vegan,A-merk,Ontbijt/lunch,Crackers etc,
Leksands,Knäcke meergranen,Vegan,A-merk,Ontbijt/lunch,Crackers etc,
AH,Bakkers pepernoten,Vegan,Albert Heijn,Tussendoor,Zoet,Sinterklaas
Little love,Triple nut,Vegan,A-merk,Tussendoor,Zoet,Chocola
Little love,Simply dark,Vegan,A-merk,Tussendoor,Zoet,Chocola
Nucao,White nougat,Vegan,A-merk,Tussendoor,Zoet,Chocola
Nucao,Coconut cinnamon,Vegan,A-merk,Tussendoor,Zoet,Chocola
Nucao,Cashew vanilla,Vegan,A-merk,Tussendoor,Zoet,Chocola
Nucao,Roasted hazelnut,Vegan,A-merk,Tussendoor,Zoet,Chocola
Veganz,Roasted hazelnut,Vegan,A-merk,Tussendoor,Zoet,Chocola
Veganz,Weise rice choc erdbeer crisp,Vegan,A-merk,Tussendoor,Zoet,Chocola
Oldtimers,Harlinger scheepsknopen,Vegan,A-merk,Tussendoor,Zoet,Drop
Oldtimers,Sneker zoethoudertjes,Vegan,A-merk,Tussendoor,Zoet,Drop
Oldtimers,Hindelooper ruitjesdrop,Vegan,A-merk,Tussendoor,Zoet,Drop
Haribo,Zoute bommen,Vegan,A-merk,Tussendoor,Zoet,Drop
Oldtimers,Smallingerlandse salmiak klinkers,Vegan,A-merk,Tussendoor,Zoet,Drop
Italiano,Zachte dropstaafjes,Vegan,A-merk,Tussendoor,Zoet,Drop
Napoleon,Duo drop fruit zoet,Vegan,A-merk,Tussendoor,Zoet,Drop
Napoleon,Duo drop fruit zuur,Vegan,A-merk,Tussendoor,Zoet,Drop
Oldtimers,Biologische tractordrop,Vegan,A-merk,Tussendoor,Zoet,Drop
AH,Snoepkrijtjes,Vegan,Albert Heijn,Tussendoor,Zoet,Drop
AH,Zachte zoute drop,Vegan,Albert Heijn,Tussendoor,Zoet,Drop
AH,Suikervrij knoopjesdrop,Vegan,Albert Heijn,Tussendoor,Zoet,Drop
AH,Suikervrije salmiak knoopjesdrop,Vegan,Albert Heijn,Tussendoor,Zoet,Drop
AH,Rozijnvriendjes,Vegan,Albert Heijn,Tussendoor,Zoet,Snoep
AH,Suikervrije fruitgums,Vegan,Albert Heijn,Tussendoor,Zoet,Snoep
AH,Suikervrije winegums,Vegan,Albert Heijn,Tussendoor,Zoet,Snoep
AH,Menthol-eucalyptus pastilles,Vegan,Albert Heijn,Tussendoor,Zoet,Snoep
Bear,Yoyo fruitsnack aardbei,Vegan,A-merk,Tussendoor,Zoet,Snoep
Look-o-Look,Zure matten aardbei,Vegan,A-merk,Tussendoor,Zoet,Snoep
Look-o-Look,App lollies,Vegan,A-merk,Tussendoor,Zoet,Snoep
Bear,Yoyo fruitsnack mango,Vegan,A-merk,Tussendoor,Zoet,Snoep
Bear,Yoyo fruitsnack framboos,Vegan,A-merk,Tussendoor,Zoet,Snoep
Napoleon,Citroen kogels,Vegan,A-merk,Tussendoor,Zoet,Snoep
Napoleon,Fruitmix kogels,Vegan,A-merk,Tussendoor,Zoet,Snoep
Candyman,Manna plofrijst,Vegan,A-merk,Tussendoor,Zoet,Snoep
Candyman,Mac bubble lollies,Vegan,A-merk,Tussendoor,Zoet,Snoep
Haribo,Zure bommen,Vegan,A-merk,Tussendoor,Zoet,Snoep
Look-o-Look,Salmiakknotsen,Vegan,A-merk,Tussendoor,Zoet,Snoep
Look-o-Look,Kettingen/horloges,Vegan,A-merk,Tussendoor,Zoet,Snoep
Bear,Yoyo fruitsnack appel,Vegan,A-merk,Tussendoor,Zoet,Snoep
Napoleon,Framboos kogels,Vegan,A-merk,Tussendoor,Zoet,Snoep
Look-o-Look,Fopspeentjes,Vegan,A-merk,Tussendoor,Zoet,Snoep
Look-o-Look,Fluiten of lipsticks,Vegan,A-merk,Tussendoor,Zoet,Snoep
Red Band,Zoete aardbeien,Vegan,A-merk,Tussendoor,Zoet,Snoep
Look-o-Look,Eetpapier + tong tattoos,Vegan,A-merk,Tussendoor,Zoet,Snoep
Ricola,Original,Vegan,A-merk,Tussendoor,Zoet,Snoep
Italiano,Candy drop rollen,Vegan,A-merk,Tussendoor,Zoet,Snoep
AH,Knabbelsticks zoute sticks,Vegan,Albert Heijn,Tussendoor,Hartig,
AH,Japanse mix,Vegan,Albert Heijn,Tussendoor,Hartig,
AH,Japanse bollenmix,Vegan,Albert Heijn,Tussendoor,Hartig,Nootjes
AH,Partymix,Vegan,Albert Heijn,Tussendoor,Hartig,
AH,Yamato mix,Vegan,Albert Heijn,Tussendoor,Hartig,
AH,Hot krokantjes,Vegan,Albert Heijn,Tussendoor,Hartig,
AH,Tokio mix,Vegan,Albert Heijn,Tussendoor,Hartig,
AH,Japanse blaadjes,Vegan,Albert Heijn,Tussendoor,Hartig,
AH,Paprika krokantjes,Vegan,Albert Heijn,Tussendoor,Hartig,
AH,Rijstzoutjes sesam,Vegan,Albert Heijn,Tussendoor,Hartig,
AH,Wasabi bollen,Vegan,Albert Heijn,Tussendoor,Hartig,
AH,Sumo mix,Vegan,Albert Heijn,Tussendoor,Hartig,
Chio,Borrel bites paprika - sweet chili,Vegan,A-merk,Tussendoor,Hartig,
Chio,Borrel bites original,Vegan,A-merk,Tussendoor,Hartig,
Chio,Borrel bites salsa,Vegan,A-merk,Tussendoor,Hartig,
Holie,Granola nuts & seeds,Vegan,A-merk,Ontbijt/lunch,Ontbijtgranen,
AH,Havermout,Vegan,Albert Heijn,Ontbijt/lunch,Ontbijtgranen,
Brinta,Volkoren graanontbijt,Vegan,A-merk,Ontbijt/lunch,Ontbijtgranen,
Quaker,Havermout,Vegan,A-merk,Ontbijt/lunch,Ontbijtgranen,
Quaker,Oats express naturel,Vegan,A-merk,Ontbijt/lunch,Ontbijtgranen,
AH,Volkoren graanontbijt,Vegan,Albert Heijn,Ontbijt/lunch,Ontbijtgranen,
AH,100% spelt gepoft,Vegan,Albert Heijn,Ontbijt/lunch,Ontbijtgranen,
Quaker,Oats express kaneel,Vegan,A-merk,Ontbijt/lunch,Ontbijtgranen,
Smaakt,Volkoren havervlokken,Vegan,A-merk,Ontbijt/lunch,Ontbijtgranen,
AH,100% quinoa gepoft,Vegan,Albert Heijn,Ontbijt/lunch,Ontbijtgranen,
Dorset,Muesli cranberry cherry & almond,Vegan,A-merk,Ontbijt/lunch,Ontbijtgranen,
Brinta,Havermout,Vegan,A-merk,Ontbijt/lunch,Ontbijtgranen,
AH,100% Durumtarwe gepoft,Vegan,Albert Heijn,Ontbijt/lunch,Ontbijtgranen,
AH,7 granenontbijt,Vegan,Albert Heijn,Ontbijt/lunch,Ontbijtgranen,
Dorset,Super high fibre,Vegan,A-merk,Ontbijt/lunch,Ontbijtgranen,
Zonnatura,Teff meergranenontbijt,Vegan,A-merk,Ontbijt/lunch,Ontbijtgranen,
AH,Vrij van gluten muesli,Vegan,Albert Heijn,Ontbijt/lunch,Ontbijtgranen,
Holie,Granola kokos - cacao nibs,Vegan,A-merk,Ontbijt/lunch,Ontbijtgranen,
AH,Biologische cornflakes,Vegan,Albert Heijn,Ontbijt/lunch,Ontbijtgranen,
Smaakt,Haverzemelen,Vegan,A-merk,Ontbijt/lunch,Ontbijtgranen,
Eat natural,Ancient grains,Vegan,A-merk,Ontbijt/lunch,Ontbijtgranen,
Kellogg's,Frootloops unicorn,Vegan,A-merk,Ontbijt/lunch,Ontbijtgranen,
AH,Vrij van gluten krokante muesli,Vegan,Albert Heijn,Ontbijt/lunch,Ontbijtgranen,
Smaakt,Volkoren havermout,Vegan,A-merk,Ontbijt/lunch,Ontbijtgranen,
Smaakt,Tarwezemelen,Vegan,A-merk,Ontbijt/lunch,Ontbijtgranen,
Kellogg's,All-Bran Prebiotic,Vegan,A-merk,Ontbijt/lunch,Ontbijtgranen,
AH,100% boekweit gepoft,Vegan,Albert Heijn,Ontbijt/lunch,Ontbijtgranen,
Brinta,Oergranen,Vegan,A-merk,Ontbijt/lunch,Ontbijtgranen,
Smaakt,Speltmuesli extra,Vegan,A-merk,Ontbijt/lunch,Ontbijtgranen,
Zonnatura,Glutenvrije muesli appel-kaneel,Vegan,A-merk,Ontbijt/lunch,Ontbijtgranen,
Zonnatura,Havermout glutenvrij meerzaden,Vegan,A-merk,Ontbijt/lunch,Ontbijtgranen,
Smaakt,Roggevlokken,Vegan,A-merk,Ontbijt/lunch,Ontbijtgranen,
Holie,Granola almonds & Raisins,Vegan,A-merk,Ontbijt/lunch,Ontbijtgranen,
AH,Havermout porties gezoet,Vegan,Albert Heijn,Ontbijt/lunch,Ontbijtgranen,
Leev,Bio muesli fruit flakes glutenvrij,Vegan,A-merk,Ontbijt/lunch,Ontbijtgranen,
Easy Bakery,Filo bladerdeeg,Vegan,A-merk,Tussendoor,Bakken,
Schär,Kaiserbroodjes (diepvries),Vegan,A-merk,Ontbijt/lunch,Brood,
Schär,Meergranenbroodjes,Vegan,A-merk,Ontbijt/lunch,Brood,
Hakubaku,Japanese biologische udon noodles,Vegan,A-merk,Avondeten,Bijgerechten,
Go-Tan,Mihoen rice noodles,Vegan,A-merk,Avondeten,Bijgerechten,
Fairtrade Original,Zilvervliesrijst noedels,Vegan,A-merk,Avondeten,Bijgerechten,
Go-Tan,Vermicelli glass noodles,Vegan,A-merk,Avondeten,Bijgerechten,
Samasaya,Woknoedels,Vegan,A-merk,Avondeten,Bijgerechten,
Hakubaku,Japanese biologische soba noodles,Vegan,A-merk,Avondeten,Bijgerechten,
Hakubaku,Organic ramen noodles,Vegan,A-merk,Avondeten,Bijgerechten,
Koh Thai,Rice noodles,Vegan,A-merk,Avondeten,Bijgerechten,
Fairtrade Original,Witte rijst noedels,Vegan,A-merk,Avondeten,Bijgerechten,
Samasaya,Spelt noedels,Vegan,A-merk,Avondeten,Bijgerechten,
Samasaya,Fijne noedels,Vegan,A-merk,Avondeten,Bijgerechten,
Samasaya,Citroengras noedels,Vegan,A-merk,Avondeten,Bijgerechten,
Samasaya,Zeewier noedels,Vegan,A-merk,Avondeten,Bijgerechten,
Grand' Italia,Spaghetti tradizionali,Vegan,A-merk,Avondeten,Bijgerechten,
Grand' Italia,Penne tradizionali,Vegan,A-merk,Avondeten,Bijgerechten,
Grand' Italia,Fusilli tradizionali,Vegan,A-merk,Avondeten,Bijgerechten,
Grand' Italia,Fusilli volkoren,Vegan,A-merk,Avondeten,Bijgerechten,
Grand' Italia,Farfalle tradizionali,Vegan,A-merk,Avondeten,Bijgerechten,
Grand' Italia,Fusilli tricolori,Vegan,A-merk,Avondeten,Bijgerechten,
Grand' Italia,Pipe Rigate tradizionali,Vegan,A-merk,Avondeten,Bijgerechten,
Grand' Italia,Macaroni tradizionali,Vegan,A-merk,Avondeten,Bijgerechten,
Grand' Italia,Mini penne volkoren,Vegan,A-merk,Avondeten,Bijgerechten,
Grand' Italia,Penne volkoren,Vegan,A-merk,Avondeten,Bijgerechten,
Grand' Italia,Spaghetti volkoren,Vegan,A-merk,Avondeten,Bijgerechten,
Grand' Italia,Salade pasta penne,Vegan,A-merk,Avondeten,Bijgerechten,
Grand' Italia,Mini fusilli tradizionali,Vegan,A-merk,Avondeten,Bijgerechten,
Grand' Italia,Macaroni volkoren,Vegan,A-merk,Avondeten,Bijgerechten,
Grand' Italia,Fusillie glutenvrij,Vegan,A-merk,Avondeten,Bijgerechten,
Grand' Italia,Penne glutenvrij,Vegan,A-merk,Avondeten,Bijgerechten,
Grand' Italia,Salade pasta casarecce,Vegan,A-merk,Avondeten,Bijgerechten,
Grand' Italia,Rigatoni tradizionali,Vegan,A-merk,Avondeten,Bijgerechten,
Grand' Italia,Pasta per zuppa vermicelli,Vegan,A-merk,Avondeten,Bijgerechten,
Grand' Italia,Macaroni tricolori,Vegan,A-merk,Avondeten,Bijgerechten,
Grand' Italia,Italia Gigli,Vegan,A-merk,Avondeten,Bijgerechten,
Grand' Italia,Mini conchiglie,Vegan,A-merk,Avondeten,Bijgerechten,
Bonduelle,100% linzen & wortel,Vegan,A-merk,Avondeten,Bijgerechten,
De Cecco,Spaghetti,Vegan,A-merk,Avondeten,Bijgerechten,
De Cecco,Linguine,Vegan,A-merk,Avondeten,Bijgerechten,
De Cecco,Penne rigate,Vegan,A-merk,Avondeten,Bijgerechten,
De Cecco,Riso,Vegan,A-merk,Avondeten,Bijgerechten,
De Cecco,Spaghettini,Vegan,A-merk,Avondeten,Bijgerechten,
De Cecco,Fusili,Vegan,A-merk,Avondeten,Bijgerechten,
De Cecco,Mezzi rigatoni,Vegan,A-merk,Avondeten,Bijgerechten,
De Cecco,Orecchiette,Vegan,A-merk,Avondeten,Bijgerechten,
De Cecco,Farfalle tradizionali,Vegan,A-merk,Avondeten,Bijgerechten,
De Cecco,Conchiglioni rigati,Vegan,A-merk,Avondeten,Bijgerechten,
De Cecco,Maccheroni,Vegan,A-merk,Avondeten,Bijgerechten,
De Cecco,Rigatoni napoletani,Vegan,A-merk,Avondeten,Bijgerechten,
De Cecco,Mezzi pennoni rigati,Vegan,A-merk,Avondeten,Bijgerechten,
De Cecco,Tronchetti di patate,Vegan,A-merk,Avondeten,Bijgerechten,
De Cecco,Sedani rigati,Vegan,A-merk,Avondeten,Bijgerechten,
De Cecco,Mafaldine,Vegan,A-merk,Avondeten,Bijgerechten,
La Molisana,Spaghetti,Vegan,A-merk,Avondeten,Bijgerechten,
La Molisana,Fusili,Vegan,A-merk,Avondeten,Bijgerechten,
La Molisana,Penne rigate,Vegan,A-merk,Avondeten,Bijgerechten,
La Molisana,Farfalle rigate,Vegan,A-merk,Avondeten,Bijgerechten,
AH,Gnocchi,Vegan,Albert Heijn,Avondeten,Bijgerechten,
AH,Pompoen lasagnebladen,Vegan,Albert Heijn,Avondeten,Bijgerechten,
AH,Penne spelt,Vegan,Albert Heijn,Avondeten,Bijgerechten,
AH,Gele linzen spaghetti,Vegan,Albert Heijn,Avondeten,Bijgerechten,
AH,Spaghetti spelt,Vegan,Albert Heijn,Avondeten,Bijgerechten,
AH,Rode linzen penne,Vegan,Albert Heijn,Avondeten,Bijgerechten,
AH,Spaghetti spelt volkoren,Vegan,Albert Heijn,Avondeten,Bijgerechten,
AH,Groene erwten fusilli,Vegan,Albert Heijn,Avondeten,Bijgerechten,
AH,Koolraaptagliatelle,Vegan,Albert Heijn,Avondeten,Bijgerechten,
AH,Penne spelt volkoren,Vegan,Albert Heijn,Avondeten,Bijgerechten,
AH,Kikkererwten sedanini,Vegan,Albert Heijn,Avondeten,Bijgerechten,
AH,Verse pastasaus napolitana,Vegan,Albert Heijn,Avondeten,Sauzen,
AH,Basis pastasaus basilicum,Vegan,Albert Heijn,Avondeten,Sauzen,
AH,Verse pastasaus arrabbiata,Vegan,Albert Heijn,Avondeten,Sauzen,
AH,Basis pastasaus Italiaanse kruiden,Vegan,Albert Heijn,Avondeten,Sauzen,
AH,Basis pastasaus pikant,Vegan,Albert Heijn,Avondeten,Sauzen,
AH,Pastasaus basillico,Vegan,Albert Heijn,Avondeten,Sauzen,
AH,Basis pastasaus kappertjes-oregano,Vegan,Albert Heijn,Avondeten,Sauzen,
AH,Pastasaus tradizionale,Vegan,Albert Heijn,Avondeten,Sauzen,
AH,Pastasaus piccante,Vegan,Albert Heijn,Avondeten,Sauzen,
Sondey,Neo-koekjes (rode verpakking),Vegan,Lidl,Tussendoor,Koek,Kleine koekjes
Knorr,Maaltijdmix macaroni,Vegan,A-merk,Avondeten,Kruiden/pasta's,
GoodBite,Kaesschnitzel,Vegan,A-merk,Avondeten,Vleesvervangers,
Novish,Sticks,Vegan,Vomar,Avondeten,Vleesvervangers,
Novish,Burgers,Vegan,Vomar,Avondeten,Vleesvervangers,
AH,Biologische Mezzelune ceci e lenticchie,Vegan,Albert Heijn,Avondeten,Bijgerechten,
Unox,Kruidige tomatensoep in zak,Vegan,A-merk,Avondeten,Soep,
Unox,Biologische tomatensoep in zak,Vegan,A-merk,Avondeten,Soep,
Unox,Originele uiensoep,Vegan,A-merk,Avondeten,Soep,
Dr. Oetker,Cheesecake met kruimelbodem,Vegan,A-merk,Tussendoor,Bakken,
Dr. Oetker,Verwen Brookies Brownie&Cookie,Vegan,A-merk,Tussendoor,Bakken,
Dr. Oetker,Verwen Lava Cakes,Vegan,A-merk,Tussendoor,Bakken,
Dr. Oetker,Bourbon vanille extract,Vegan,A-merk,Tussendoor,Bakken,
Dr. Oetker,Jelly pudding aardbeien,Vegan,A-merk,Tussendoor,Bakken,
Dr. Oetker,Kookpudding vanille,Vegan,A-merk,Tussendoor,Bakken,
Dr. Oetker,Griesmeelpudding vanille,Vegan,A-merk,Tussendoor,Bakken,
Dr. Oetker,Suikerhartjes,Vegan,A-merk,Tussendoor,Bakken,
Dr. Oetker,Kookpudding chocolade,Vegan,A-merk,Tussendoor,Bakken,
Dr. Oetker,Griesmeelpudding amandel,Vegan,A-merk,Tussendoor,Bakken,
Dr. Oetker,Kookpudding rum-rozijnen,Vegan,A-merk,Tussendoor,Bakken,
Dr. Oetker,Amandel aroma,Vegan,A-merk,Tussendoor,Bakken,
Dr. Oetker,Kookpudding frambozen,Vegan,A-merk,Tussendoor,Bakken,
Dr. Oetker,Taartina,Vegan,A-merk,Tussendoor,Bakken,
Skittles,Skittles Fruits,Vegan,A-merk,Tussendoor,Snoep,
Hema,Chips met rookworstsmaak,Vegan,Hema,Tussendoor,Hartig,Chips
Jumbo,Verse knoflooksaus,Vegan,Jumbo,Avondeten,Sauzen,
Go-Tan,Sriracha Cassave,Vegan,A-merk,Tussendoor,Hartig,
AH,Pepermuntkussens,Vegan,A-merk,Tussendoor,Snoep,
Amoy,Stir fry Sauce sweet&sour,Vegan,A-merk,Avondeten,Sauzen,
Amoy,Stir fry sauce sweet thai chili,Vegan,A-merk,Avondeten,Sauzen,
Amoy,Stir fry sauce black bean,Vegan,A-merk,Avondeten,Sauzen,
Amoy,Stir fry sauce teriyaki&sesame,Vegan,A-merk,Avondeten,Sauzen,
Vegetarische slager,Satébroodje,Vegan,Albert Heijn,Tussendoor,Snacks,
Magnum,Vegan almond,Vegan,A-merk,Tussendoor,Ijs,Roomijs
Magnum,Vegan classic,Vegan,A-merk,Tussendoor,Ijs,Roomijs
AH,Bladerdeeg op rol,Vegan,Albert Heijn,Tussendoor,Bakken,
AH,Verse pizzabodem,Vegan,Albert Heijn,Avondeten,Pizza,
Alpro,Chocolademelk,Vegan,A-merk,Zuivel,Melk,
AH,Framboos balsamico dressing,Vegan,Albert Heijn,Avondeten,Sauzen,
AH,Vinaigrette met kruiden,Vegan,Albert Heijn,Avondeten,Sauzen,
AH,Balsamicodressing,Vegan,Albert Heijn,Avondeten,Sauzen,
Sugarland,Vossenkoppen,Vegan,Lidl,Tussendoor,Zoet,Snoep
Jumbo,Krokante kaneelbiscuitjes,Vegan,Jumbo,Tussendoor,Koek,Kleine koekjes
Mentos,Dessert mints,Vegan,A-merk,Tussendoor,Zoet,Snoep
AH,Kaneelbroodje (vers),Vegan,Albert Heijn,Tussendoor,Zoet,
Alpro,Soya cuisine,Vegan,A-merk,Avondeten,,
AH,Knapperige Cats,Vegan,Albert Heijn,Tussendoor,Hartig,Chips
Alpro,Dessert vanilla,Vegan,A-merk,Zuivel,Toetjes,Vla
Alpro,Dessert chocolate,Vegan,A-merk,Zuivel,Toetjes,Vla
Alpro,Dark chocolate,Vegan,A-merk,Zuivel,Toetjes,Vla
Alpro,Simply vanilla,Vegan,A-merk,Zuivel,Toetjes,Vla
Alpro,Dessert Caramel,Vegan,A-merk,Zuivel,Toetjes,Vla
BioToday,No cheese fondue,Vegan,A-merk,Zuivel,Kaas,
AH Excellent,Mini vegetarische gourmetschotel,Vegan,Albert Heijn,Avondeten,Vleesvervangers,
De Ruijter,Anijshagel,Vegan,A-merk,Ontbijt/lunch,Broodbeleg,Zoet
Conimex,Jakarta vegetarische kroepoek,Vegan,A-merk,Tussendoor,Hartig,
Bolletje,Kruidnoten,Vegan,A-merk,Tussendoor,Zoet,
Bolletje,Extra pure chocolade kruidnoten,Vegan,A-merk,Tussendoor,Zoet,
Danerolles,Petits pains white,Vegan,A-merk,Ontbijt/lunch,Brood,
Danerolles,Croissants party mini's,Vegan,A-merk,Ontbijt/lunch,Brood,
Koopmans,Oud-Hollandse tulband,Vegan,A-merk,Tussendoor,Bakken,
Koopmans,Oud-Hollandse speculaascake,Vegan,A-merk,Tussendoor,Bakken,
Koopmans,Mix voor speculaas,Vegan,A-merk,Tussendoor,Bakken,
Koopmans,Mix voor kruidcake,Vegan,A-merk,Tussendoor,Bakken,
Koopmans,Kokosmakronen,Vegan,A-merk,Tussendoor,Bakken,
Koopmans,Citroencake,Vegan,A-merk,Tussendoor,Bakken,
Koopmans,Chocoladecake,Vegan,A-merk,Tussendoor,Bakken,
Melkan,Topping plantaardig,Vegan,Coop,Zuivel,Slagroom,
AH,Plantaardige rasp,Vegan,Albert Heijn,Zuivel,Kaas,
AH,Plantaardige plakken,Vegan,Albert Heijn,Zuivel,Kaas,
AH,Boneless wings,Vegan,Albert Heijn,Avondeten,Vleesvervangers,
AH,Plantaardige cashewspread jalepeno,Vegan,Albert Heijn,Ontbijt/lunch,Broodbeleg,Hartig
AH,Vegan grillworst,Vegan,Albert Heijn,Ontbijt/lunch,Broodbeleg,Hartig
AH,Vegan gebraden gehakt,Vegan,Albert Heijn,Ontbijt/lunch,Broodbeleg,Hartig
AH,Plantaardige cashewspread,Vegan,Albert Heijn,Ontbijt/lunch,Broodbeleg,Hartig
Oldtimers,Jockums favorieten,Vegan,A-merk,Tussendoor,Snoep,
Red Band,Suikervrije rood fruit gums,Vegan,A-merk,Tussendoor,Snoep,
AH,Plantaardige haverspread,Vegan,Albert Heijn,Ontbijt/lunch,Broodbeleg,Hartig
AH,Plantaardige kruidencreme spicy,Vegan,Albert Heijn,Ontbijt/lunch,Broodbeleg,Hartig
AH,Plantaardige kruidencreme,Vegan,Albert Heijn,Ontbijt/lunch,Broodbeleg,Hartig
Ben&Jerry's,Netflix & Chill'd non-dairy,Vegan,A-merk,Tussendoor,Ijs,Roomijs
AH,Speculoos donut,Vegan,Albert Heijn,Tussendoor,Gebak,
AH,Zebra donut,Vegan,Albert Heijn,Tussendoor,Gebak,
Oreo,Vanille spooky,Vegan,A-merk,Tussendoor,Koek,Kleine koekjes
AH,Soja topping,Vegan,Albert Heijn,Zuivel,Slagroom,
AH,Topping,Vegan,Albert Heijn,Zuivel,Slagroom,
Alpro,Cuisine op te kloppen,Vegan,A-merk,Zuivel,Slagroom,
AH,Amandel drink ongezoet,Vegan,Albert Heijn,Zuivel,Melk,
AH,Soja drink naturel,Vegan,Albert Heijn,Zuivel,Melk,
AH,Soja drink ongezoet,Vegan,Albert Heijn,Zuivel,Melk,
AH,Plantaardig yochurt soja ongezoet,Vegan,Albert Heijn,Zuivel,Yoghurt/Kwark,
AH,Plantaardig yochurt kokos ongezoet,Vegan,Albert Heijn,Zuivel,Yoghurt/Kwark,
AH,Haverdrink,Vegan,Albert Heijn,Zuivel,Melk,
AH,Plantaardig verse amandeldrink ongezoet,Vegan,Albert Heijn,Zuivel,Melk,
AH,Rijst drink naturel,Vegan,Albert Heijn,Zuivel,Melk,
AH,Amandeldrink naturel,Vegan,Albert Heijn,Zuivel,Melk,
AH,Plantaardig yochurt soja kokos ongezoet,Vegan,Albert Heijn,Zuivel,Yoghurt/Kwark,
AH,Plantaardig verse haverdrink ongezoet,Vegan,Albert Heijn,Zuivel,Melk,
AH,Plantenmargarine,Vegan,Albert Heijn,Zuivel,Boter,
AH,Zachte kokos drink naturel,Vegan,Albert Heijn,Zuivel,Melk,
AH,Plantaardig Kwarq Soja ongezoet,Vegan,Albert Heijn,Zuivel,Yoghurt/Kwark,
AH,Plantaardig verse sojadrink ongezoet,Vegan,Albert Heijn,Zuivel,Melk,
AH,Soja keuken,Vegan,Albert Heijn,Avondeten,,
AH,Plantaardig KwarQ amandel ongezoet,Vegan,Albert Heijn,Zuivel,Yoghurt/Kwark,
AH,Plantaardig verse soja keuken,Vegan,Albert Heijn,Avondeten,,
AH,Plantaardig yochurt haver ongezoet,Vegan,Albert Heijn,Zuivel,Yoghurt/Kwark,
AH,Plantaardig chocolade amandel dessert,Vegan,Albert Heijn,Zuivel,Toetjes,Vla
AH,Haver keuken,Vegan,Albert Heijn,Avondeten,,
AH,Plantaardig vanille amandel dessert,Vegan,Albert Heijn,Zuivel,Toetjes,Vla